x1,x2,x3,y
-0.5352644927359382,0.7208789336756556,0.2997211848384766,-0.7448057445102894
0.0625365141678775,-0.5603325685593608,0.6219708769164838,0.26799533946202025
0.5849926657279931,0.960024586205512,-0.4924620868221943,8.936658044784728
0.2539174239027273,-1.0,-0.9647428047883038,-16.734895962095905
1.0,-0.2646296858859027,0.5201803370278557,5.605106044027702
-1.0,-0.7651083647940125,1.0,15.924631921858442
0.3951901584995636,-0.5861481259595522,-1.0,-7.413651252772775
0.4459901439779277,-0.0608289899649736,-1.0,-3.117027643184151
-0.0495596117481211,-1.0,-0.8530255580628308,-8.85626461238392
0.0054523163061441,0.4695098804166011,0.3519215767012917,0.2708173242054217
0.0776015424304776,-1.0,-0.028585810249631,2.359305995673851
-0.7392211226453957,-0.8229192903963551,0.0991302519980603,3.5533009127963853
-1.0,-1.0,0.1580929762188663,8.571900464948007
0.1537927598762511,0.1143820594907232,-0.3887213553432407,0.8649150586708285
0.0113453766210502,0.7060505290385455,0.7138888647420547,2.235678745196636
0.6861850671176379,1.0,0.610576786705711,7.905735332977855
-1.0,0.4780473678296415,1.0,4.745812493483958
-1.0,0.3787584269205981,-0.1556959959715995,-3.0619330068516297
1.0,0.0289648412060796,-0.298955133682903,4.519054425820279
0.3970216028958611,0.7084306502036277,0.4847170826557587,1.859149471880139
-0.7728922078234401,0.1651853918807624,-0.2841659905640497,-1.6446132865404244
-0.7500136268887874,0.0451064642296044,1.0,2.5187865445675848
0.8287845837070307,-1.0,-0.3337013593734026,-5.263120243088016
-0.8360939210526803,0.1023701690859457,-0.8905577024219162,2.9436916304300436
0.160141653088937,-0.6693089090435302,0.79802717474318,-0.6793105390145748
-0.5607085054450434,-0.4981938975562729,0.5734665576204832,0.6572513671810463
0.4254682538679186,-0.8972687524922307,-0.3843758968676398,0.46619661566402093
0.3945721437727327,-0.1818146586507281,1.0,-1.748597501269613
-0.0928026356021631,0.2006687174030355,-1.0,-3.3443391534309392
-0.3227233333828252,-0.1620059810239162,-0.0643395880845232,0.300494130204108
0.109183231298181,-0.3081889063721503,0.3942021958182351,0.666387025147156
0.1493761502902937,-0.9997949823933432,0.1291239149766185,2.007143641130726
-0.2999239775951241,-0.3476737188157348,-0.7699316339160875,0.01170929343699223
1.0,-0.7944262834393969,-0.2806491209779616,0.8432846495847397
-1.0,-0.0466272408273293,-1.0,10.555399097739388
0.95156679525509,1.0,-0.1593570837276079,13.393395529655262
1.0,-0.4182079093959054,-0.5275991977044661,4.951441565473791
-0.8930643910868192,0.7111284241073805,0.6770019529163793,-2.30323608663624
-0.933743866380176,0.829379618288643,-0.6773954285478676,3.198205132753522
0.3647601425068829,0.5658824860672667,0.783028290795954,1.8627201426075488
1.0,0.3503700900042887,-0.270985945500735,4.895405269716713
-1.0,0.5312877946445358,0.9656516350156948,3.107352197297642
0.9863315872725488,-0.5741776708777475,0.204533911249352,3.154452440316389
1.0,-1.0,-0.4736655485650509,-10.322072487403597
0.7186230289816726,0.4793286464857902,-0.0627296921803195,1.7341695484383246
-0.976072276737366,-1.0,0.2502009050656699,9.192007362879856
0.5726201619211397,0.121217029994626,0.5015323195080383,1.3636735361050392
-0.7979759473305694,-0.5042334942103026,1.0,4.527211688565744
0.920680268194819,-0.7656582953641102,-0.8267892557774705,-1.2910370778817364
-0.4350243431925868,-0.4474135538040176,0.9086993748772284,0.3596964702014007
-1.0,-1.0,0.992112871337726,22.041666795746625
0.3531800128606259,0.6434744808403112,0.6398520636848324,1.748351830191727
-0.0309132375451666,0.3078279149982319,0.0939064533806619,0.20937805640309248
0.7078975272159795,0.3978271209721511,-0.0222197195655549,1.6755772978113277
0.1301358398204803,-0.4821085874190853,-0.4328774025108173,1.2248657405156147
0.3684948423607064,-0.2209282597335105,-0.1630239489749489,1.2749814329083016
0.8147969983978274,1.0,0.4241404160610962,8.519605195261224
0.54833939909515,-0.063456257315793,0.4622762235277848,1.244419926088019
0.2360062210584637,-0.438717644551359,-0.7011183543770407,0.37814467253589257
0.8000568394840575,-0.888212192690794,0.2614995893919591,-0.9607912094921458
1.0,-0.5488438484287739,-0.3945139451650423,4.073711616557037
0.2429237043370022,0.6469966278036599,0.1059791654084394,1.0162830010011858
-0.6470378743100229,0.3752752587619972,-0.2317886321467792,-1.681218997716162
0.2188895123927252,0.6139173230453407,-0.8447915047317343,-0.5202135646017054
-0.2836401947175875,-0.0616586467919721,-0.0995311641384981,0.22976077192729383
0.2082864685878604,-0.0102540476850421,0.1999928987433863,0.7865963420547035
-0.6394877323093588,0.3092425789790021,-0.4432898058939112,-1.2765958547441643
-0.8060918279411993,0.2199212936226913,0.0307578217274295,-2.4569023528452845
-0.247508106199134,-0.5487473848920061,-0.1652561162049914,1.1730577095814518
0.980381747189617,-1.0,0.2052168384544548,-6.896525204642574
0.3547463798861126,0.9773752779617616,-1.0,4.154030298711291
0.5706140262902692,0.0716471849709756,0.2696959629054918,1.3428830419139675
-0.0745444078369026,0.1789975466568152,-1.0,-3.3371761896138827
1.0,-0.6414546020460052,-0.1912852988491249,2.9450347247311632
-0.0873447520781169,0.0787228292643951,-0.1475201251979201,0.4338348345450975
-0.2849486929052578,0.4528973537930969,-1.0,-3.693073442220727
-0.4389970726013976,0.7027883671153792,-1.0,-4.1052286696937905
0.0756193435891634,0.1446437018439161,1.0,0.7081395509416479
1.0,-0.1089690599467729,0.0575386508225919,4.606450263247023
0.2256606530511993,0.177118487910167,0.0530824496360042,0.7543911507388001
0.2168552670886951,-0.03635526521456,0.118781798729582,0.8621253275179144
-0.2967190654313116,-0.7872144908652616,1.0,-1.343478631347181
-0.1638006079770066,0.974880005280328,-1.0,0.9799493069225289
0.4788375801057507,0.4401909649546636,-0.1140715504297198,1.0809403345502056
0.0787754832352414,-0.666035486446537,1.0,-3.0603434780415975
0.4347993662359875,-1.0,-0.3077610400050938,-0.24840956008446513
-1.0,-0.2178226063354269,1.0,4.926122815559613
0.404078733705735,-1.0,1.0,-7.342158067532555
0.3719212366586673,0.1309011439696876,0.2281395600054057,0.9318354799664135
1.0,-0.0507243047807257,-0.2997690473405698,4.465606608763879
-0.3866498762350312,0.2885392349234645,0.8615418758913314,0.6003621508495276
-1.0,-0.1585893775455731,0.4006790410844723,-3.4698741795582477
0.0763346104614295,0.1818623448034537,0.4519724196238526,0.3642753750078287
0.9450062418768022,0.1416522829014028,0.8608738704026919,8.723636198424963
0.0057099164568978,-0.1919997128302815,-0.3940870313650153,0.9716965270213065
1.0,0.800010347638985,-0.6955335362314383,11.248881078420187
0.6079170061348427,-1.0,0.2937241229022282,-0.9804080939058002
1.0,-0.7282579943961625,1.0,1.022324045222478
0.0665380621915252,-1.0,-0.2876954996112268,1.6881302042131734
0.251450047994268,0.3116181673673652,-1.0,-3.2856026431594914
0.1563120847513655,0.3877038653116351,1.0,2.249196854404919
1.0,1.0,-1.0,38.87890291927947
0.980780267622841,0.8627377503886182,1.0,25.298622878053912
0.6963481437095698,1.0,0.292288558721048,7.452803012095561
-0.3751263774419922,-0.7050823036625262,-1.0,-6.143527945536061
0.0339450784552335,-1.0,-0.1457087599703455,2.3402813460740055
0.0555102393880742,-0.1061104532646151,-1.0,-3.680579071225154
-0.168782772811417,-1.0,0.1957002167953916,2.891433609906018
-0.7429136259164264,-0.3389708849763762,-0.5223226212339573,0.5994429392967222
-1.0,1.0,-0.3582598786141207,11.866266331413085
-1.0,0.1764373111277535,-1.0,13.618749557948986
0.2342821921727826,-0.1993935132907776,-0.1061808435396538,1.1217391396339256
-0.938845299103268,-1.0,-0.4493938018204197,5.5645269538516136
-0.1012151397604952,-0.8290345177630993,-0.6644787715673897,-0.6646314921419387
-1.0,0.9133873450085296,0.059783444547516,3.5947714306862526
0.1881676391585867,0.2620041069911334,1.0,1.2730537185605175
-0.3763734580967659,0.3904681805821488,-0.2525340824878865,-0.6808113306408594
0.420024838191273,1.0,0.7120096335662476,7.948282323552789
0.2802150581820537,-1.0,-0.4903755462850729,-1.0069336646288618
0.8732471274030928,-1.0,-0.6330387042396375,-9.83753099474451
0.2853007736915049,0.4940247534522302,0.0296857327306014,0.7775851517462928
-0.2079759147482431,0.0324435296541714,-0.1873437025758511,0.28525369355980423
-1.0,0.8366932486003069,-1.0,20.14933164209303
-0.2696153890081847,0.3222777917555111,-1.0,-3.244474162536122
-0.744119413910675,1.0,-1.0,2.0584101965432735
-0.5781934958644308,-1.0,0.2546474219278756,4.6528567433379475
0.2642179772833815,-1.0,0.37887837614173,0.8909821620444629
-0.1054893062462984,0.2717550307578988,-0.18997519134805,0.18372411506008746
-0.1871948627789184,1.0,0.4066025402987303,7.406274570598576
0.0299101970090986,-0.4848301662401453,0.4202661936861234,0.6504288130858076
0.5676833933247041,0.0798693950505191,-0.6645416365242884,1.2523455828554377
-1.0,-0.1172168965619935,-0.091397336166245,-4.042890216208688
0.1260852702550567,1.0,1.0,12.10932449073392
0.3398337410380398,-0.7048484088055009,-0.3536168906203401,1.3114023734393085
0.1729981153209725,0.271970128604005,0.1397313812254421,0.5770141054494327
0.2944400556278728,0.4921770877200726,0.8027658928634509,1.4335589803127422
-0.6393976073554457,1.0,0.0972043262521011,4.489775073178512
1.0,-1.0,-0.5518058263421479,-11.195959751899782
-1.0,-0.712608097235587,1.0,14.237069260512241
0.1926818846602893,0.2127293512287846,-0.2076898477968678,0.7855415418221481
-0.3120712812964483,1.0,-1.0,1.4291573848896435
-0.9517915931123516,-0.1682074128479851,0.6146632337560938,-1.5432851083280732
0.0662257276247484,0.1258203749368291,0.3051638453440455,0.4332308705767336
-0.0956459453505491,0.1539701764640182,-0.4015917513254443,0.40895248901739834
0.0028844069524986,0.9270139648551048,0.563320409655208,5.434642264356308
0.737010632276383,0.3582170585632769,1.0,6.43065321534479
0.1261205994115166,-0.7226686401949205,-1.0,-9.072490936919209
-0.1176468217499566,-0.8407147989504071,-1.0,-10.414437798924208
0.5441262377116658,0.1614065170761487,1.0,1.2862521057416512
0.4858098448286299,-0.0871108950938284,-0.9390677708889764,-1.4034637342740526
1.0,-0.5097791021138096,1.0,4.823015535880674
1.0,-1.0,0.3579057920185444,-6.969927665692579
-1.0,-0.5834556772531945,0.4764484581630637,1.4946630000297452
-0.3713645333775357,0.5022419216338991,-0.7199773426197973,-1.195908904489991
-0.6719385120619321,-0.9541354322920176,-0.4410967950087623,3.230048375758691
-1.0,0.1142495850440723,-0.4956410220531417,-1.812839357881042
-0.0277869305246682,0.1148561874985039,-0.2140349197532924,0.5284621610828939
-0.8752955138476293,-0.1242065004582186,-0.7024723329176066,0.7678537919756061
-0.577349494160083,-0.9309342590496176,0.4530940415744837,3.5727861963565686
0.3693612511605701,1.0,1.0,10.310044654569655
-0.242213448036207,0.2355656468506031,0.4901261683864963,-0.19972633633300774
0.1874594025429679,-0.1944538124065444,0.7272917705441488,0.13625394839964233
-0.5043510894011525,-0.546026007138569,1.0,1.161617028710574
0.064140700070767,0.6943072091634173,0.0686029846723221,0.9511082711722845
-1.0,-1.0,0.0078825007660376,7.529451076024651
0.5637498289584761,0.9841558563004512,-0.8366085339584872,10.733739684948254
0.1112492782476901,-0.4514551650148102,-1.0,-5.700150929628084
0.1008247519567164,0.8572891033324246,-1.0,-2.1949577104772797
-1.0,1.0,-1.0,21.078397148161
-0.3603619350646201,-0.9245291310382971,-1.0,-10.818132342230282
-0.728057691888851,1.0,0.875473297614662,9.263427088856078
-0.9250535164287436,-0.5015584565980824,1.0,6.973511107772573
-0.97251758564448,1.0,-0.8091088880105692,11.051434377165377
-1.0,-0.3119041829445199,0.2907717018185256,-2.814611660272011
0.7938405422457486,0.3929101273612221,0.1692097514282244,2.4938351605413756
-1.0,-0.2811053416870188,-0.4555337819204006,-2.125143702294577
-0.1704778211468776,-0.4214958918902181,-0.7769841797307653,-0.263498000679224
1.0,-0.8287414944357339,0.5783535312426917,0.35988458945376944
-1.0,-0.9469180634923692,0.1075940360312142,7.001006133900976
0.0169280513541876,1.0,-0.1359140568178838,8.41480529095943
1.0,0.1876475356536526,-0.0352919268824105,5.043381367235291
-0.4120734149589999,-0.1192790661802118,-0.1507540831837752,0.10567545459204242
-1.0,0.8805836797675908,0.9615405980269388,9.916125606304018
0.8317317130080073,-0.5459589265486933,0.87095141481189,1.4913967234997756
-0.7482622090935833,0.3594689749699675,-0.5178062045615648,-1.450196649994135
0.3158801999735396,-1.0,0.3707512819544203,0.7017388287798925
0.7198705841779822,-1.0,-0.4508816293138649,-4.441784296011617
0.2057988917253486,0.5848547722827575,-0.5701391913033598,0.7537841218928913
1.0,0.0004647166724851,-0.8921814519063054,7.653218202156099
0.0229031918965767,-0.3570036849910445,-1.0,-4.830513663461517
0.6952007772041735,0.1686515242997792,1.0,3.3410936653013383
0.2574748569732399,-0.1968662522439059,-1.0,-4.0356723885587
0.8727086993883497,0.1355709577820494,0.3684577386244407,3.548454305050935
1.0,-1.0,-0.2996551825104612,-9.105065536358405
-0.8154466942842011,0.8247902199095145,-0.0226517732956481,-0.9487445227012734
0.5409413744372888,1.0,1.0,10.118797653076676
1.0,0.9829309389855676,0.0135937557147112,13.298340241028145
-0.0433126408676147,0.1860370448073163,-1.0,-3.373491079212242
-0.4530781057450834,1.0,-0.2146806365221538,6.4265714699653795
-0.5658428313527462,-0.58389460684411,1.0,1.7860712005683999
0.8630241928761369,-0.6516741178132093,-1.0,-5.7098691570597335
1.0,-0.7308303525904951,-0.2870924773663039,2.0953409699546914
0.8745966010112665,0.3438707560258058,-1.0,3.6500404939805464
-1.0,-1.0,0.8544597833871777,18.739176474300894
1.0,0.1352087810237943,-0.2515115893600694,4.610800878160681
0.7380504263564147,0.2152278405909797,-0.4366177801656004,1.6483396876658363
1.0,-0.8665286778714993,0.0020184645519056,-1.410269631134891
-0.3388728896541793,-0.0191098651207315,-0.2153756572722278,0.1137823769046733
-1.0,-0.7596880503114141,-0.1471880171154767,2.024843649416222
0.1930196419620304,0.2894822371179044,0.0568010717000362,0.6298067622278569
-1.0,1.0,0.9017007458256698,7.5309231809984
0.4951619558113895,1.0,1.0,10.012368608144783
0.2339592709109721,0.4535797595599464,0.4198737815734006,0.6567058176901202
-0.634040115959333,1.0,-0.7944998283130003,2.8547306300873756
0.4478638707156639,-1.0,1.0,-7.326734440803268
-0.8425774606477758,-0.7862876473244982,-0.8785247722490916,1.8644155681084138
0.6080266863597557,0.7873360605188393,-0.0657879984966502,2.729050297799643
1.0,0.7354470386323013,-0.4816465841657351,7.288487218943642
0.7603771677997055,0.8478915494103683,1.0,12.90779312012838
1.0,-1.0,-0.0964581256179504,-8.255054720702262
0.8730483907449007,-1.0,-0.3958214503010717,-6.614036651127472
-1.0,0.6328942385264569,-1.0,19.38245584786481
-1.0,1.0,-1.0,21.078397148161
-1.0,-0.5275682051851127,-0.9460531552100352,3.972798034327408
1.0,0.2393628098194407,0.3118648664826571,6.511311346917823
-0.0238922881455287,0.2917121663371143,0.123295644038774,0.22484606116473804
-1.0,-0.4652547940463565,-0.4974260302245801,-0.989480471496547
-0.9657206842706638,0.5500034763734922,0.8740069291838131,-0.5626867841645189
1.0,-1.0,0.2347986898646494,-7.2587828578673825
-1.0,1.0,0.5981265074741624,0.9090425224481276
-0.5744409764028817,1.0,0.5820480523943348,5.932462115023599
-0.32640947883062,1.0,-1.0,1.3221160228483997
0.3724596928927857,1.0,0.9175733809637744,9.459168872208789
-1.0,0.4586875992200843,-0.5844810106526057,1.3997331703051663
-1.0,-1.0,1.0,22.27361990993591
0.2670990519040863,-0.2397540809850866,0.7740054398982446,-0.019783119252803072
-0.1325125883274656,0.2193264370987497,-0.6016248097403518,0.15737225275622402
0.8439896185564288,0.4673967420969713,1.0,11.67344254953503
0.7184941842173569,0.220341216797882,0.512612206448684,2.2918718601311467
-1.0,-0.2187456939459284,0.9346499504817144,2.821623726786186
-0.1211762028113112,-0.4281571334308911,-0.4867640858259638,0.9905557604937301
0.1421388957458846,0.3367721345473842,0.2948070224847783,0.46012672548957445
1.0,0.3131375974457617,1.0,18.448384970295177
-0.8276781727433136,-0.2476661289323063,-0.3384040613167134,-0.5124415306756784
0.4681276855491871,-0.6659593867223546,-0.9934721059961849,-8.322110890383536
-1.0,-0.4229210081855548,-1.0,6.2954434902279335
-1.0,1.0,0.2867251318355959,4.154996712730558
0.9100475749312616,1.0,0.184285164978698,10.328531155340643
-1.0,-0.5153064822719733,-0.7675397686817735,1.1727726937074492
-0.6487144839430063,1.0,0.1943336147890217,4.2641047777447785
-0.478231670141279,-0.1892301553217843,0.7695270242546348,0.01837514576557231
0.6039945240518225,1.0,0.4580702480584788,7.08732935777596
0.5601344671583668,-1.0,0.4017296881327716,-0.7555900825825819
-0.8355892477129585,-0.4203174480887539,0.9340098471111496,3.2650918957760915
0.5231071092306379,-1.0,-0.4180854445104807,-1.8538184638966064
1.0,0.013551176079269,-1.0,8.047770322063744
-0.2267911288166875,-0.5253041844321595,-0.204624033642595,1.1499350823107197
0.3332799536494906,0.1832556873374484,1.0,0.6612264333802205
0.4643846379564404,-1.0,1.0,-7.316411517965953
0.1536838920516423,-0.0563199398065739,-1.0,-3.5639914730557822
0.0931201002759638,-1.0,1.0,-6.919350238076342
0.3688380176038299,-0.1721296642954337,-0.2658794388334906,1.2895838143157097
0.3120949237668668,-0.2692079008886234,-0.4270683879872365,1.2857642517992796
0.7618610684353417,0.556795639254763,-0.7315872659184206,1.8972210925544541
-0.5526177123374019,0.9578601222749163,-1.0,-1.4601599760665462
1.0,1.0,0.0996176058169058,13.628313899301084
0.3149766516095653,0.3872270511549209,-0.3096096582321834,0.8818153621935274
-1.0,-1.0,-0.0429799175817422,7.246878901247108
0.4065244569729644,-0.6040819155333779,-0.7487020307363625,-0.5874698907892992
0.3195346591488897,-0.0461663819969,-0.4665806029289463,1.1829535637115662
-1.0,1.0,1.0,16.878801407636967
-0.0439000475939217,0.9631405116915992,-0.5834240882115462,7.119646533570766
0.3135185048036577,1.0,1.0,10.633552068331166
-0.2953300084189203,0.2870320005254296,0.5106703717859438,-0.3248826943213885
-0.2633490582583342,-1.0,-0.1363654295979701,3.1249855033663962
-0.2294694587960428,1.0,0.1651922007060704,6.976346686186979
0.1064018807947049,1.0,0.3611501217994974,7.442667203782902
0.2976265670497071,-0.0993104139939109,-0.9553058459564868,-2.226285299542584
0.543127550865161,-0.5680894064221007,0.5737979975295115,0.7650542067178896
-0.4433250820526979,0.8840836364977727,-0.0065446069305648,1.7565340964009868
1.0,0.4730055882817874,-0.1650583914850003,5.435736648583646
0.9384306168545282,1.0,0.1195745649572337,11.285148061200404
0.3863864647783195,1.0,-0.1721840774401948,9.154323844133616
1.0,0.4453395615837656,-0.6937534804672694,6.537179842267475
-0.6031734364284804,0.9743371710905552,0.9062218421907184,10.596816657046508
-1.0,-1.0,0.3407243423935828,10.377618862178194
-0.3061889101000756,0.312381818026239,-0.1379660400672482,-0.39270122235862903
-1.0,1.0,0.6302040628725094,0.8423586895389861
0.5031507940719291,-0.4593157792841391,1.0,-3.2554424490759257
0.4522050053545359,0.920693906273676,1.0,8.875404968294935
-0.1890945992843671,-1.0,0.3844811131088859,2.3587757081604597
-0.1634949917188397,1.0,0.7165269418809252,9.504772203223865
-0.8555026562131387,-0.4584060682668216,0.5857138378052402,1.0422660022469643
1.0,-1.0,0.7840508999455889,-6.467321019990898
1.0,-0.3021832732912317,0.761411470558605,6.671582752162227
0.0883735605964408,-0.229522504411088,-1.0,-4.182614805421164
-0.653570195585407,0.0446614865409795,1.0,2.1544394316533273
1.0,1.0,-0.2206431511129425,15.924094166295305
-0.7013369778486129,0.4243144662881131,1.0,4.042899830983648
-0.1313818788133471,-0.4151988049868893,-0.4671128065340446,0.9991650020124758
-0.6027754611456795,0.3102208292815847,1.0,3.042381727672272
-0.6214516580704859,-0.6657850812041093,1.0,2.615376786360003
-0.2889555247779813,0.7721792216917824,-0.3367620493685075,0.5736535024411975
0.5335967324062463,-1.0,1.0,-7.25084775793367
-0.2100873982332252,-1.0,0.4327369394115077,2.20344244795541
-0.1670039655208077,0.8579071691126394,1.0,9.680547901090012
1.0,0.043471881868152,-0.5611553233111257,5.2354411537748335
-0.0705724605054818,0.5977412759430638,0.4064612779208103,0.43475380131271835
0.3371575428511459,-0.7294659702837012,-0.3104100947186152,1.357803703139623
-0.5748327522014247,1.0,-0.4926312516484821,5.527622821353879
0.634902488757662,0.2047838206552985,-1.0,-1.41790390552986
-1.0,-1.0,0.3318215609343689,10.274236968085841
-0.1139209261549483,-0.4405097939789688,-0.5617555190772425,0.8547175219051482
0.4995583217187276,0.7194883302111219,-0.6194462487491159,1.9092741235884978
-0.2518154739550762,-0.3353849242199049,-1.0,-3.7751618129558957
0.5146856468803387,0.7910134929396555,-0.3396988403935779,2.820659526935246
-1.0,0.8955907036926929,1.0,14.353017792409949
0.3869177352150226,-0.7668757416253793,-1.0,-10.714890906746307
1.0,0.7828291190812868,0.0602700982216839,8.573412702184534
0.1049366061763312,-0.9193346475267788,-0.7256922404322683,-3.1023772915849084
-0.3997198875652299,0.6183054907842862,-0.8417165391512007,-2.1104134136553667
-0.8828842013243459,-0.4029936447175308,-0.9227089854662034,3.376547512723386
-1.0,-0.3253322914087626,-0.4288030468476216,-2.102255369320195
-0.6380681957767649,1.0,-0.3837343824370307,5.298761899955689
0.4390315114597929,0.9334771313940652,-1.0,2.176193870036135
0.4331084636297801,-0.8902697385496723,0.9866467744364348,-5.3845862585032
-0.2704188471369915,-0.6274641136512966,-0.2918355113008994,1.3581044515049394
0.6238592795115625,-1.0,-0.9545699927141283,-20.53787426191771
-1.0,0.2471395024843414,-0.4767737042348858,-1.4282891431300526
-0.5813206130617998,-0.7240313450823708,0.7546330112607027,1.7555794952053696
-0.7475853971220139,-0.593085273737497,0.4128927486583467,1.4947775268822043
0.5636926697148636,0.6217206021576691,-1.0,-2.0911384456559223
0.4459486450031147,0.5845901156836144,0.0919824219529681,1.1683850322292333
-0.7519787725123421,0.8445485953178207,0.3293163374454584,-0.8361688252488331
1.0,-0.0570169078122269,1.0,11.52100504142568
0.6388823981641267,-0.4236917725458931,-0.5804938530991199,1.363853338333239
0.0952687591420673,-1.0,0.2328179943782788,1.9907877569179706
0.5995056098824718,0.1794976905670107,-1.0,-1.7505651079883147
0.3062094222360572,0.9456928993222024,0.3406605525439208,5.211851355850235
-0.4139132401082341,0.3854958974764066,0.0880977935887032,-0.8793846301248962
-1.0,-0.7617304498191166,-0.3944035813663724,2.0014176854458126
-1.0,0.2318908709848961,-0.1439124574708612,-3.795433159263269
0.2682728788091286,-0.7166819941501381,0.6600345308963007,0.04910446907214361
-1.0,0.4583134764313377,-0.3746745082103053,-0.9096727661428519
0.2027393398053689,-0.4104508688952821,-1.0,-5.4429869676064015
-1.0,0.3544457421998266,0.7133259198091417,-4.169814810262853
0.4494667748610543,0.3502750030671462,0.616987601867951,1.0905086872105962
-0.057220867993831,-0.0892165611291304,0.8384549981350986,-0.06395677103198505
-1.0,0.0653887912593849,-1.0,12.05506934689129
-0.7518274141612045,0.0868703367943839,-1.0,3.2209448717965694
-0.8855289475166175,0.4872393023782597,-1.0,8.631634722949759
-0.5691223837768518,0.5031626985500819,1.0,4.5776120791404935
-0.350333114750522,0.7167414988073,1.0,7.173769748403746
0.123233854777115,-0.2713839574976657,-1.0,-4.427594619075219
0.3329598018320965,0.1709156745940978,0.6507719481943071,0.6524952345660244
-0.9570604561009868,-0.2443525773949999,-0.7071210458365524,0.6551721353046256
0.5851902168439249,-0.0940514105835734,0.2222316232651269,1.383666542378815
1.0,1.0,-0.4450893742998767,19.14389407479214
-0.6408466566578297,-0.3854409879370095,0.4087635701649841,0.2321352676097037
-0.5581804245659541,1.0,-0.5748450531724965,5.337307158700314
0.3720046352769606,-0.0716719002335986,0.6778805808351662,0.5543440838496099
0.5695313106715456,1.0,-0.4163868765295813,11.147994905499052
0.5137524766811767,0.0371347990401664,0.0250091923608248,1.2572434709262936
0.3393550497275326,0.3870634774696977,0.6021113485410696,0.8521400028934802
-0.8118773563612836,-1.0,0.3839838185905049,7.406877117718146
0.0792764264808181,0.1171753305167577,0.0708594232995165,0.56982688782517
-0.5257522112550281,0.4716853847175239,0.8867238999030502,1.4357718431418496
0.9508694596059506,0.1747434212487892,0.8587685065459374,9.239757453965758
0.2500070397793765,-1.0,0.8165967108818084,-2.4715566843982626
-0.2943987038303193,0.0744365919539664,-1.0,-2.62426979613087
-0.631732723022322,-0.1119247532960214,-0.2977124095064563,-0.29514129796878086
1.0,0.6646218588925974,0.6449248232967386,12.46860538579142
0.3781196425599773,-0.540282998531098,0.7490839538644234,-0.09925911303370816
-0.3193510471571172,-0.4890955427167567,-0.2298759933419054,1.0278322636818917
0.2529778159088494,0.394222175631244,-0.7424243297745792,0.2675026757647667
0.6710058265665511,1.0,-0.7379518749979819,13.712857650437465
0.3484205028014204,-1.0,-0.167251893893235,0.9368132320477249
0.6911786928988566,-1.0,-0.8569110078109095,-15.11723810793463
-0.9583815720446294,-0.6235571900981138,1.0,10.110988996955205
-0.6470187951079995,-1.0,-0.0169351384802649,5.087262131634954
-0.5269565309156603,-1.0,0.4512986889344481,3.7854730058385506
1.0,-0.8886697572255944,1.0,-3.8099878253066346
0.3846099406740875,0.441718044323234,1.0,2.8416499241115996
0.8075071350987981,1.0,0.7116631731387064,10.15397061124496
-0.4816930975699289,-0.9011119075872084,0.3515022142416386,2.8518700531740224
0.7526596321576116,0.0721581115387528,-0.2296742149257284,1.762561427716759
-0.5296069287913987,0.4396064915084507,0.3969359853169729,-1.2701712172014101
0.4023852157155181,-0.3226783742560524,1.0,-2.5660481874285
-0.6110238475259806,1.0,-1.0,0.32248751258686914
-0.8865945456318229,0.0756464343852645,-0.5943009439439411,-0.4946088655557923
-0.4027530446671004,1.0,-0.3310630153146299,6.964929685249549
0.8131290697004427,-0.0755609081655959,-1.0,0.01271296234812258
0.6737345953307143,0.1070004375332942,0.1693814696993272,1.6403036896610368
-0.1936855105260335,1.0,0.2384379396328932,7.087232866329803
-1.0,-0.9172027819315018,-0.1477111934886315,5.209522028556284
-0.5224381914415974,1.0,1.0,15.954829551567709
-0.6266530631283471,-0.3347444651652804,-0.8768978678858179,0.6104282667928957
0.2169028956429566,-1.0,-1.0,-18.897372612227745
0.1354404795651163,-0.2732118130786203,-1.0,-4.4455611583240895
1.0,0.2020654492063414,-0.3247441939800126,4.672829109282925
0.2097248826268281,-0.6419459705139359,0.1763456591830678,1.1552869638375465
0.8145964345727068,0.3907224896534824,-1.0,1.8084881674376438
-0.9380738081734776,0.9186409276544184,1.0,14.592827832789558
-0.4612332367793348,-0.844639742460582,0.1530193192955851,2.524823754178417
-0.1016600757582422,0.5082228006755802,0.4141313298855105,0.15200515229875444
-0.1353650566123632,-0.9298164011738456,0.211380286851945,2.265098255608608
-0.9182880121743572,1.0,-1.0,11.178967022120283
0.847684311524167,0.1726434968648353,-0.6217407406537336,2.5082706998753084
-1.0,-0.6780782007146091,-0.0772812572016787,0.6676555923285288
-0.8968961731669141,0.0859076758351331,-1.0,7.839813637704934
-0.2423612317566397,-0.4104518205021554,0.2463739671057654,0.5838598825976271
0.3491197307260467,-0.4212248858791512,-0.2298093051821705,1.3611306829088545
1.0,0.9174570823798314,0.0910958112221267,11.088251909820835
-0.1623958118806003,-1.0,-0.1325987462861155,2.8845187363704254
-0.4923730504381576,-1.0,1.0,-3.1022863715230726
1.0,1.0,-0.9803782916223822,37.95756186419809
-0.3348693105104665,-0.7103488804463349,-1.0,-6.579775117106264
-0.1658627428281982,0.2585326305224722,-1.0,-3.3383431852641716
0.077097837848274,0.8607425643762767,0.261762815035478,2.967186426466306
-1.0,-1.0,-1.0,2.716338862092474
0.0606102998053925,-1.0,-0.8411022817116962,-8.829702492627272
0.455398637082766,-0.1370121527463237,1.0,-1.411476492220559
0.5135137519976438,-0.0928396259867461,0.0833106732719464,1.2814492336952934
-0.4019931027726879,0.4655857948171329,0.0137472765303769,-0.8837356985457228
0.538810096999613,-1.0,0.6311948938985323,-1.3152272671455614
-0.0650946411512691,0.7294081134138717,-1.0,-4.232984419654038
-0.3380938679926395,0.1697514028497051,-1.0,-2.5260751048745163
0.2959367976462104,0.3381913742527715,-0.7254382773177122,0.45861018682540133
-0.8341453647024779,-1.0,-0.5126580492711277,4.3059903680935765
0.458589046727925,0.8303051626608637,0.5104829070006982,3.2679226858412944
1.0,-1.0,1.0,-9.162914008934468
-0.6365804569019755,0.8023066571945645,-1.0,-2.385127908573588
-0.5190439574720207,-0.2872158189383811,-0.7415147171391396,0.4720920872165886
1.0,0.7783590524891102,-0.2154501887759832,7.698700884312739
0.1533784544886156,-1.0,0.3791851896657627,1.3020818374453396
0.4248918196869578,0.3515621133103221,0.8165410521353658,1.2390210158479842
-0.297884075308175,0.7774760451090714,1.0,8.240740064477682
-0.090768819826998,-0.5559562508773734,-0.0437494399976077,1.1930993715510831
0.03687499885792,-0.0777071468661592,0.4665024460227009,0.4133959988756699
0.2018538162002372,-1.0,0.1074556010907683,1.8275667190774256
-0.9946709658257528,-0.5644163216179277,-1.0,5.118621856868579
0.1244346787413557,-1.0,0.3358790278992545,1.5688162308603615
0.7127199426551116,-0.809311287254719,-0.021391660680029,0.42076218389632514
-0.5547527518804727,1.0,0.8741339927169931,10.794881106024647
-0.9092714469528442,0.0694921440386138,-0.2999820333113629,-2.2577197557875137
0.4909099350490191,-1.0,0.4638565773996268,-0.46936470915127915
-0.7591853311252943,-0.532608660691239,-0.3609202928766395,1.1361559327239577
-1.0,0.4130987063926243,0.5531947626865716,-4.969372533488647
-1.0,-0.3464541352368409,0.4125720519133038,-1.9983825867078147
-0.2014682947140558,0.654335531780472,-0.0874802589204042,0.0903832844420811
-1.0,1.0,1.0,16.878801407636967
-0.2937642904564985,-0.4782367706006449,-1.0,-4.470022137911281
1.0,-1.0,0.4558901826752126,-6.771725887407534
0.8764706929713648,1.0,0.2722866418735399,9.445601417395817
-1.0,-0.0017064501442571,-0.3296543163829333,-3.277869695485211
1.0,-0.6131323623705698,-0.0724374685788775,3.0246017530287626
-0.4552704902805042,0.8560594190423354,0.5704231903481296,2.4247876351606337
-0.3934482530192285,-1.0,0.711793158180329,0.8727585181852886
0.7249288122618138,-1.0,-0.0184175457143451,-2.377472501531425
0.37361284175584,-0.1441306324252382,-0.9029745655988508,-1.0907835193024287
0.7126401483796421,-0.3115534933397008,-1.0,-3.1765581112784376
0.3092792413129721,-1.0,-0.226100538560672,0.964206102964462
-0.2072771689580741,1.0,-0.7338042677733803,7.721005325426956
0.690953708039632,-0.1641279272139026,0.2146102667754865,1.6505525022526817
0.3470122899727756,0.8276128727610972,0.8139560895524967,4.706923205587856
0.8021885213120159,1.0,1.0,14.647159022445797
0.946509669014992,-0.4569256664853105,-0.5683359165071462,3.7511778113584615
0.7596922415803222,0.7724018478059924,-0.5718228906529788,3.465050915521384
-0.188665884677355,-0.7506184880370672,0.3128433633680758,1.2695475162518053
-0.5614326957493578,0.3523576655928044,-1.0,-1.1449300687976662
1.0,-1.0,0.2027696228934947,-7.341527875845577
0.5674667029006704,1.0,-0.0933847310652673,8.871538504070932
-1.0,0.0431002870266694,-0.0329415143610418,-4.420795038337086
-0.3083600569412714,-0.0730976255138686,-0.1299920809510328,0.21854086927233185
0.9975834485882926,0.9504548779619448,-1.0,31.5220690784972
-0.2782909770549995,1.0,-0.115489949724699,7.266921535548034
-0.9170507589544716,-0.0213601200036215,0.9472016133867134,1.7800145925070403
-1.0,0.2583347203131787,-0.0169206205532448,-4.236854299660047
1.0,-0.9661752825675988,1.0,-7.316122043348708
0.1420960144991259,0.3251518827817807,-0.0032742736936677,0.5496350767516482
1.0,-0.9678481160366958,-1.0,-24.62829361458298
0.2283225157416533,-0.6356522334205919,0.0879075028623868,1.252618324621833
-0.2805198932415629,1.0,1.0,15.049950906014464
1.0,-0.4233300071410468,0.1728067077393262,4.080201011748324
-0.3609444225637914,-0.0123832848317173,1.0,1.116124155942369
0.3409666892871761,-0.6133190601403626,-0.8760368020569762,-3.054929012726372
-0.2276743246665764,-0.5694866487968016,-1.0,-5.682916551389036
0.4973296457649305,-0.1490606310405631,0.3254689321764663,1.1786030237515313
0.708379909417383,-0.3177917012697857,0.3862598520320643,1.6594960950952522
0.545019463250703,0.2796670910012746,-0.328057688244231,1.2227109174853807
0.5621589136427216,-1.0,-1.0,-23.430769559456706
1.0,-0.40458260645299,-0.2509299824471955,4.088460881565699
-0.7081226985481026,0.879505632511911,-0.4151928362739376,0.3234875120649727
-0.044270538921856,0.3646599690327003,0.2150641048650989,0.1303396771992702
-1.0,-0.5264841333289834,1.0,9.303577977618756
0.4237816222694623,0.8763486105918437,0.0079822769295598,3.781985935243016
0.4840223390038229,-0.0223535861593608,1.0,-0.5287893467726965
0.3844407910733614,0.0467823764267283,-0.4106410816461749,1.1991607955307446
-0.5758163642129233,-1.0,-0.931860959010018,-7.7560762038287585
-0.4670531516955603,0.1786074126566303,-1.0,-1.6065380580932747
0.4370453907228711,-0.4128011843932988,-0.6448911703011868,0.8835511037103938
-1.0,0.4406031793191642,0.0269512601717818,-3.6346212296304574
0.5430300046338892,0.9848992186476392,1.0,9.993349762498505
0.1230418589217949,1.0,1.0,12.135297775356097
1.0,-0.0638409459509221,0.0021564938880758,4.594477953669996
0.3547522758178991,0.0334229627292232,1.0,-0.3713192922255293
1.0,-1.0,-1.0,-30.2635828898177
-0.673872320448359,0.4598116489242325,0.1070404971642899,-2.132981336658774
-0.6905825102695269,1.0,0.316581598756122,3.7871444822462608
-0.827060728908509,-1.0,-1.0,-2.465168721734161
1.0,0.4570582436261601,0.5644532648031566,9.583364405203103
0.4895593593539911,-0.1810034127229396,0.3586215359516682,1.1462072501823732
0.3819113673337901,0.1047699178428809,-1.0,-2.9114030748362736
0.0599475096648762,-1.0,-0.126317772382152,2.302354747677647
-0.7656082430781319,-0.8217856144993243,0.9156221387783734,5.470994698463386
0.2131433938877205,-0.0509654518364062,0.3829702433921089,0.694328126980001
0.3655538240625191,0.1083147740217664,1.0,0.15218238858812017
-1.0,-0.002459424669055,-0.4190446725398988,-2.7054944155582814
-1.0,-0.4873130356489179,-0.6630360737098528,0.1448824892539715
1.0,1.0,0.948824987054148,23.133154844151314
0.6255173630389219,1.0,1.0,10.74428604134707
-0.0782799753567877,-0.517578525195389,0.3124740985675025,0.7686960268279635
1.0,0.3386240225873373,0.4027579475785992,7.501689474211593
1.0,1.0,-0.0312274792039186,14.314205560831494
-0.8651446035150863,0.9926073538273166,-1.0,6.925893819402733
-0.6330746225867934,1.0,1.0,16.178643133826203
1.0,0.4888837796515226,-0.4927529726396564,5.30053883377651
0.9790819271159116,1.0,0.0511498019182152,12.957728364420522
-0.3885144378194003,-0.573111205807149,-1.0,-4.545006816228222
1.0,0.2740211995759387,0.0334906251574589,5.481939681226608
0.0128602877900929,-0.6151372618800679,0.3327900535348604,0.8856436831217822
0.7578165049639489,-0.1029726400972332,-0.8517620798137076,1.3149614726014018
-0.8212730522395866,-0.5597325749160162,0.0419914912749774,0.889854528770206
-0.5799707990216729,-0.939593721752523,-0.0088077511248916,3.991264011689947
0.2379764862734115,0.4292872135607821,-0.4124407904719307,0.7652582604458098
-0.8076276646705693,1.0,0.7801535721107837,5.184991466762593
-0.2533774069128183,1.0,-0.5622567130771738,8.102415767395449
-0.8339627856862015,0.8927849159050925,0.8791941354384607,5.580068549495479
-0.2768115341948103,1.0,-0.1547921101069007,7.3776669442715725
0.2922367280133446,-0.1956967573727364,-0.1857956570387571,1.2102516528920522
-1.0,0.9503485249806352,0.3369020808397911,1.814560320491064
-0.5630247958173256,1.0,0.5286919645899435,5.707664768648158
-0.4528515089642435,0.2001387971255372,1.0,2.172201334351734
1.0,-1.0,-0.6497441609810097,-12.800139050100888
0.6249168627099275,-1.0,0.2529431982197103,-1.1026922158462882
-1.0,0.1931407488230621,-1.0,13.858463002693876
0.4074730588314736,0.4854887152795957,-0.9212307927050294,-1.1757230518432973
-0.1547761886009939,-1.0,0.1458525863452122,2.9398572597879107
-0.0287391215202967,1.0,1.0,13.397334760190931
-0.3383436363992649,-0.3947566919605523,-0.6770626878373114,0.4724455391924476
-0.6827910145088061,0.3753080236961219,0.6692824359326501,-1.3966234660575436
-1.0,-1.0,-0.8959551921984787,2.451740403440222
-0.1965133898958522,-0.8266911565030262,-0.2731192792494166,1.9150908702630678
-0.7004016969443998,-0.3393074900466666,0.919966941055355,1.5407237837773993
0.8668124889816085,-0.4840632610813757,-1.0,-2.629588175647799
0.6497992945262139,1.0,0.6096780079119153,7.684630553450258
-0.2858040403372712,-0.4312272166182942,-0.2095529566742113,0.9273860689539337
-0.3886097422007808,-0.4137816042595088,0.0859634613651263,0.5868192108199464
1.0,0.3565698454148438,0.957597047950504,17.174693584422794
-0.6689816755722031,0.3065527579160416,0.6253437208726713,-1.421217538433687
1.0,0.5078621802033756,0.3916516038947613,8.412184615393636
-0.3011281921722957,0.7460908453284816,0.1429691133717592,0.3736715336015164
-1.0,0.5576952487384903,1.0,5.834550960350531
-0.2617810904864421,0.0309871955911109,-0.7006666725447859,0.11129052942499218
1.0,0.4164639493050923,0.9052269316463164,15.957882484646692
1.0,0.7091163329520598,-0.0818985535024801,7.154909840053978
-0.3722202460046748,0.6532610912881205,0.3144137248777636,-0.32550062377789146
-1.0,0.1689742608642899,0.9086720814474164,-0.22830444812600836
-0.0498914221891655,-0.9953943957414766,0.552547351477797,0.9511549428445962
-0.0017300847888201,0.1696218944507692,-1.0,-3.3799595646980953
0.9455772125064192,0.5788376990529824,-0.6942080206358887,5.032990413497542
-0.0520873861042703,-0.8681548427127768,0.6112133407372049,0.44662208640582146
1.0,-0.0702244294251435,0.8936445246771871,9.517485463858804
-0.6770067623947633,0.1538618154296382,-0.6888529127375751,-0.3010695286826732
-0.5703123677587709,0.2728237284911556,1.0,2.7678111007839763
0.914748705104224,-0.508017214725978,0.848949499404327,3.361493734062411
0.9249419616828698,-1.0,-1.0,-29.16459974218152
1.0,-0.8302162874146553,1.0,-1.731070404470795
-0.8054345897526998,1.0,0.8091829746935724,5.973834243240918
-1.0,-0.7691375243242595,-1.0,4.18372014805505
-0.5593420364759398,-0.0250114765148081,0.8232488589134421,0.025422263341779328
-0.84539871278473,0.7114834042279443,-0.9646307276420978,4.082757988668785
0.2134368906904495,0.3897868617905413,-1.0,-3.49841915444553
0.8670993831742164,1.0,0.8068043993323888,12.856240249350453
0.4592281642354598,1.0,1.0,10.019881308368745
0.4493781136467216,-1.0,-0.9485689234885168,-17.789468714793813
-0.1780118233154359,1.0,1.0,14.463601899369566
-0.8308369242905409,0.015404489806797,1.0,2.8664745209261087
0.0859734127843137,0.8918249323999019,0.1257163438667081,3.642270358900795
0.4787571052442063,0.082640407394763,-0.9679678445375932,-1.722241043844868
0.1202585494672079,-1.0,0.7156283038815472,-0.9372260345438872
-1.0,0.9818783487149836,-0.7928680304723117,12.792012295912727
1.0,-0.7769603694375067,0.37657915717348,1.1923493066672426
-0.4144027123443941,0.9705124825387536,-0.577633716821826,4.854266070177492
-0.7180364768440362,-0.2777868013250322,-0.6492359304496857,0.7457278942968568
-0.4020373780776312,-0.1117675270840126,-1.0,-2.025847465426249
1.0,-1.0,0.1756513747013628,-7.413966529250178
-0.0915086388992827,-0.8953192324190657,0.460746701853326,1.2561269136204622
0.2695846903572205,0.6608339405988266,0.2417913640914331,1.1268821874754518
-0.398098544673388,-0.2793407580658,-0.200626815051149,0.4934269554836286
-0.4676650189278926,0.0670984889195915,-0.4919533909846521,-0.1681720372619222
-0.6524094922567574,1.0,0.0923797157607131,4.4024927326982635
-1.0,-1.0,-1.0,2.716338862092474
-0.22902088550522,0.9200303236191112,0.233338240148285,3.7938785886245556
-1.0,0.4486824182888407,-0.399124639460092,-0.7774619010589845
0.2312145564416929,-0.0850726577118261,-1.0,-3.6018170952944835
0.045769690283935,-0.4110949545860032,0.3725360106816442,0.6847147518044849
0.7427035738469014,-0.4364997069099514,-1.0,-4.114875968179753
-0.013283848940961,1.0,-1.0,3.6322698720310873
1.0,1.0,1.0,25.52321976885641
0.291917974728352,-1.0,1.0,-7.295631356890619
1.0,0.2616855466005567,0.6972698071886998,9.640277463313137
-0.0331533173592382,-0.2265105164146372,1.0,-0.7800302043479599
0.8085190170645751,1.0,0.3825752773137236,8.365586316847752
0.9169316894617356,0.0045214079710171,-0.8316856778425195,4.203961725192977
1.0,0.309780191202778,-0.1875927576609901,4.955022515100659
0.2982908806050199,0.1101536551839412,-0.4020582030969473,1.0556637952394972
0.241773993741706,0.2102229359394662,-0.9465024132158646,-1.817628251914059
0.1813917906952411,1.0,-0.1209625751609539,8.644014750947365
0.2379659442796495,-0.2406317263499309,-1.0,-4.274806883362176
-0.593435061252608,-0.163407308092581,0.143407119486395,-0.39874674657824727
-0.2762179057153846,-0.3620010150668236,1.0,-0.1293604626203586
-1.0,-0.3257490765047408,0.7994671519704566,1.2614831206627413
-0.013202494720838,0.7862187350518002,-0.0271129561856475,1.6233208364383198
0.5977808885445837,0.3654495132215385,-0.8346663629580671,0.5974430449235815
-1.0,0.2856104600035858,-1.0,15.191651603658268
-0.3184460688235901,-0.6933277074924713,0.9352877770837276,-0.3551905132577766
0.2455473557584773,0.2899196233300993,0.1977581807148458,0.6652820534905048
1.0,-1.0,0.722234812984244,-6.417011618656794
-0.0821585501178367,-0.7665589663537935,-1.0,-9.062136608818143
0.0536230477407038,-0.5748467677285176,-0.2735342582901237,1.364558744735033
0.7045581642092176,0.1650595262711249,1.0,3.4877723177838664
0.62275148701767,1.0,0.5569475128817953,7.364815741391061
-1.0,-0.6675144686045034,-0.5661531977786554,0.9895063302868765
-1.0,0.0950019512785256,-0.7410338688707265,1.7570091193952628
0.3197955611071501,1.0,0.667432055736243,7.984282553923917
1.0,0.6357062589567464,0.0239408983033069,7.010777783364375
0.4840784538675731,1.0,1.0,10.006829894735278
-1.0,0.1305454400106604,-0.5642740158180684,-1.0060540038493055
-0.7254805514017286,-0.2523118012691854,0.0441172124125948,-0.49611355540652724
-0.9427112606357252,1.0,1.0,16.617642875955138
-0.7175320216613414,-0.4847894279251816,0.0863233881640535,0.5672902602256107
-0.9415478765562644,-0.6767953170891774,0.2946906001560136,2.3204003719349937
-0.4973936241123353,-0.5182207497914089,-0.5240851408821197,0.9851525677280608
-0.5632767336310511,0.4825016444274257,1.0,4.348064965080555
-0.3468855448353927,-1.0,0.1052041753438279,3.5833532705922413
-0.5854553136023022,-0.4837108029436276,1.0,1.8147229099773048
0.9328956680401426,0.4296818315748791,0.6675925774926528,7.845635557861668
-1.0,-0.6639727796085657,-1.0,4.555542985142142
0.8316883818976457,-0.1715441183864186,0.0112519407165045,2.1795724906895333
-0.2979989170901356,-0.0109314812899476,-0.4599334794911396,0.29982587358383617
0.7493410243945255,-1.0,0.8067606752532124,-3.257409081982195
0.4950862608345354,-0.6398980395736189,-0.9040602986791032,-4.079566968457444
-0.4582290344843258,-0.3969397130213881,0.4278184502483204,0.3091989865569005
1.0,0.6516981547576421,0.1210535153912233,7.62157928542014
-0.2908894340257286,0.5443318915817386,1.0,4.50606205871804
0.4454498576726855,-0.6504741037511128,0.6771421303797442,0.1798622473911604
-0.0631625002025739,-0.1570298945922383,-0.2628288016369742,0.8199611301106826
0.0691826160257371,1.0,1.0,12.593864675960484
0.1831567455496168,-1.0,-0.0786847812276296,1.9291864242516408
-0.3679429484118326,-0.1522687788758441,1.0,0.7371836986904765
-0.7347525942710258,-0.5531559784300615,-1.0,0.6460795919665401
-1.0,0.1159261157204127,-0.4668152752514416,-2.078002513980197
0.6496243866653275,-1.0,0.2567065335647176,-1.3563959990196222
1.0,-0.6305190723088052,-1.0,-0.6549666800879779
1.0,0.8425803180780427,-0.2911487055529667,9.12161612449403
0.0242501587603911,-0.5657838668265003,-0.1923282205896541,1.3406893744319273
-1.0,0.4307841514919199,-1.0,17.21131216255609
0.7214418858444314,-0.8124581052952982,1.0,-4.4367999087285135
0.1407798733502914,-0.90096565450903,-0.0040744058369794,1.8812283628517332
0.8351930022482725,0.6827150349023658,-0.2212523803138035,2.9535869441038303
-0.513453953247561,-0.1306148786084533,-0.4635166345846513,0.19304486401686072
-1.0,-0.4484046216999178,1.0,7.798991260683319
-1.0,1.0,-0.1770045498491979,10.241834601395658
-0.9263483953367876,1.0,0.7440919009745646,2.4885356672957313
0.4723322133453849,-0.7714236877686287,-0.8738830905659618,-5.106840180204848
0.401023556557228,-1.0,0.1110853987288222,0.7993955863363338
1.0,-1.0,-0.0455237174495741,-8.080831762169806
-1.0,-1.0,-0.0352052760994234,7.288196481942613
0.5672822632987069,-0.5513850199634558,1.0,-3.5729376570364457
-0.9965814283685136,-0.464730272598034,0.2627084900722216,-1.3957896039764996
0.2979552422568325,-0.2530199364113836,-0.4482594099779873,1.2606274604489354
-1.0,0.3408272442873683,-0.2974757288658869,-2.391820733502388
-1.0,-0.9617335915555124,1.0,21.741499944398125
-0.8423451820455834,-0.9432004930838792,1.0,9.290475724449633
-0.525687583437169,0.5314251964911192,0.6293782491845432,-0.6226617243711936
1.0,0.9360717212907136,-0.5653148490029594,16.004257859307238
-0.6073106265074135,-0.5420900730070768,-0.2410257119047922,1.1151317672410868
-0.3767411934957072,-0.5433420039741945,-1.0,-4.3799430013617915
-1.0,0.0959594524890767,0.7893260348397033,-2.286070312875364
0.836424085242889,-0.1788219658059209,0.6649003292935227,3.162778063872924
-0.2673159912180616,0.0148891325368378,-0.6072910622883165,0.26914762747309195
0.1063597534192271,1.0,-0.5263058352971248,10.271087112673595
-0.1202104706070685,-1.0,0.6104250988656494,0.7037461563982079
0.3530829843179124,-1.0,-0.1170617303418977,1.0234340870842151
0.3006550333206466,-0.5926940512612879,-0.7223991238421406,-0.26108348911939894
-0.1739560673896834,-0.7920211674963435,-0.9056627073641914,-5.248287566263322
-0.0576615417866392,0.1796422601692697,0.5118545292110173,0.15257823205081955
-0.3652720791639272,0.792707912256023,0.5689101155073863,1.7310850030651341
-0.4466808539842335,0.3639214674157389,-0.1323349233016781,-0.9250711390877839
0.6348822760440731,0.2277757233312412,0.5919834315958425,1.7885153366533202
-1.0,-0.9034817055317024,1.0,20.348951746414993
0.2535839448985939,-0.0750241395082893,-0.0809590082449458,1.0431062599663852
0.891200744992958,-0.8164211907769421,-1.0,-11.127021837889625
0.0656176357021034,0.4956668921765714,1.0,3.3093902394103294
-0.949159765876588,0.9453986522680484,0.2800999400742694,1.317081497253151
-0.5306429415208185,-0.1434743452260596,-0.3145023090854297,0.04826491226671559
-0.265258356490786,-0.7538789303777429,-0.2114966795857218,1.7762830251569057
0.838461994986458,0.2358281998165552,-0.2675223283783023,2.179665636800147
-1.0,0.8332290834106622,1.0,12.491749738461559
1.0,1.0,0.0232723909178385,13.987748106972175
-0.361776078442545,-0.5615195428693924,-0.3206240992710178,1.1847564696163608
-0.1745040505699988,-1.0,0.5876799803832284,1.0704606126492662
-0.2721216261446919,-0.6718968878454188,0.3212892452868099,1.060063299349266
1.0,-0.9043561379168296,1.0,-4.4450705842278335
-1.0,-1.0,0.496066016568391,12.437145434539984
0.1557875545417166,-0.0021334025448696,-0.426569630998638,0.977060981532456
0.3363724766301772,-0.37602789142986,-0.0801895399972354,1.2751273784322585
-1.0,-0.120644417452066,1.0,4.2187965185262986
-0.1481250878374953,-1.0,-0.4361161354031255,1.0129557646219094
-0.8387040046574512,-0.1983500022159985,-0.0434363924095804,-1.3215264126640798
-0.1492366676373142,-1.0,1.0,-6.010652751909655
0.6119003262948346,-0.3449689052539746,-0.878943965995487,-0.7832782009409089
-1.0,-1.0,0.027199232064502,7.644958144675567
1.0,1.0,-0.3655055072698634,17.78927334949
-0.2942167127390322,-1.0,0.1535707657641039,3.3540313485365267
0.4423242564572893,0.0419154042855907,0.3681583597176625,1.0331531642791232
-0.7368542474912112,-1.0,-0.0710359543218006,5.697782595154955
-0.881929618495078,1.0,0.9768941744521876,14.204471528432158
-0.4185544012545943,-0.2190788028280375,-0.438073666677605,0.4901388507532307
0.2440150896844781,-0.7502764674535822,-0.3127769973411842,1.4283120243715264
-0.0221233650295615,0.0525954255083858,-0.6391092101894342,0.5098242111042304
1.0,-1.0,-0.0993430820726946,-8.265223370989613
-1.0,-0.1014525035839344,-0.2398715192848657,-3.641048286681149
0.482483128756662,1.0,0.8467287364806853,8.665550752083819
0.2013151681665259,-0.1257693010210301,-0.2239775905103349,1.0920560705209563
0.3771680268238355,-1.0,-0.4875588203067793,-1.5401354387463395
0.4951089206951724,-0.7632314271826317,0.7025708598728233,-0.17048270123282538
-0.2780511219416648,0.841061134132639,0.1987641894688181,1.728061855306822
0.8806737933294186,-0.9962623762101748,-0.4900629220616481,-7.429257172137184
-1.0,-0.0063914527217476,1.0,3.6501952681009806
-0.2656061592421783,-0.9815682727621576,-0.6341431423432886,-1.4675465899470121
1.0,1.0,-0.8394011423564183,31.34795095345139
0.0845110982611763,0.7759149915013965,-0.5937011362071871,1.7558276890288675
0.0624763867169366,0.1001669826750657,1.0,0.4802543713436649
-0.6775219967620614,0.0991814511911148,-0.1432547775243695,-1.2439857104855685
0.6050021119223632,-0.0203256662742272,-0.5231801534533544,1.4747774288193214
-0.2451078789515359,1.0,1.0,14.861625729330262
-0.535338477257427,0.7349733712648334,1.0,8.092772898366006
0.7425650339495675,0.5847719654859411,0.1187219557158745,2.2849613219660645
0.3524224228238428,0.4546651725005157,-0.9190960371653224,-1.2850375101531424
0.8877132075042367,1.0,1.0,18.31445447373845
-0.033529917214115,-0.4118557209059241,0.2040420522912647,0.8053282826352615
-0.4850722977223263,0.8318347935160102,0.9061381723686311,6.660370173002514
-0.0925671601131679,-0.1833018792932428,-0.2121261932513143,0.7875915736263392
-0.9153234256903569,-1.0,-0.6452695665715307,3.8989410248630145
1.0,-0.2073498050382183,0.2927527877780216,4.9515295872383245
-0.1487279663607166,1.0,-0.9515324748124416,4.447879787885238
0.8674315764490326,-1.0,-0.1129002067739648,-5.119672450534608
0.2008730350017313,0.1651942887760078,-0.5054545610689607,0.8613597909482484
-0.0699774379859907,-0.2320019231224652,-0.3228666411515988,0.918021782822531
-0.4124867750869976,-0.2314889031663793,-0.8834619051585615,-0.5132683719233784
0.8128381119612249,-1.0,-0.4589031946685342,-6.0233298608226225
-0.4984429952358737,-0.3955048799905476,1.0,1.0692318149747182
-1.0,-0.4696474475355072,0.1299472970631328,-1.8111640565223754
0.5724730644764382,1.0,-0.4473469096871776,11.37474395694937
-1.0,0.1781539924773163,-1.0,13.643348394781711
0.465643350375305,-1.0,-0.3931848710340921,-1.1307708848067604
-0.5226961687071361,-1.0,0.7010219480919377,2.100083170864901
-1.0,0.1151584361875635,0.7297007010851324,-3.0947577169656015
0.6504057236293455,0.594716548159927,-1.0,-1.1697538007870256
1.0,-0.1734425570071227,-0.5319248305603299,5.091869767251318
-1.0,1.0,0.2446923891882417,4.7340756063090605
-0.0580483571397831,0.1159119410574656,-0.7497504400632411,0.0489224769948895
-1.0,0.8058742545864268,-0.1109112118589674,2.0258855388027937
0.2653286394806464,-0.2602455461967385,-0.452404777580695,1.2358467394122257
0.4891716573277846,-1.0,-0.2359882196473175,-0.2993135469151915
-1.0,0.0159008432187501,-0.0882752033106786,-4.267638197135666
-0.4225847243894087,0.3404807209282001,1.0,2.922871865606069
0.1447939645862102,1.0,-0.1082648675758197,8.533304035439077
0.9845765588746798,0.4459395573438987,0.3324147227940393,7.052558794760779
-0.3985617206000369,-1.0,-0.2169888313056489,3.2392413517067036
1.0,0.2394057658655342,-0.4903640803703566,4.968630829155556
0.131023801505991,-0.4010693231215907,-1.0,-5.306475856083566
0.0173988615831366,-0.6325339266274612,0.5895536620669115,0.3646025180969581
0.650948226449352,-0.4157211049160256,-0.7619723993665681,0.5778574740783127
-0.2187781910439512,-0.6243102129007507,-0.5075158475999828,1.0109047056211549
0.226582745700675,0.1686963447881531,0.0338081324186128,0.7701986600202386
0.4409627659216919,1.0,0.197991781414033,7.3220476031567365
-1.0,1.0,0.4310946686489272,2.2981777354008135
0.8539683390774098,-0.7815125602142183,-0.1393196617435261,0.41925582887492796
1.0,0.9902522226185416,-1.0,37.344652558715076
0.6824678454189732,-1.0,-1.0,-25.306403238818923
-0.3093592216453129,-0.4291931023911348,0.3074383062228563,0.5139501127275647
-0.1644384633376137,0.0901945862879003,0.5248456557963908,0.022800681034693238
0.6087609706976689,0.9664829666344344,0.0973850484304124,6.476004559721963
-0.4859048189295332,0.4111525194225573,0.8165366849027447,0.3840472511590083
0.2107377195789539,-1.0,-0.7711824803578826,-6.94826920481141
-0.9352950705152664,-0.1996137601946457,-0.6935736605685858,0.6114495197531198
0.1961116252724608,-0.4804587966734672,0.2877623841830794,0.9255634566840345
0.25678188829652,-0.2808969258331077,1.0,-2.0791821584367
0.7039888569216004,0.7875012438871227,0.0746834861274403,3.1271358618841196
-0.1239649567859053,-0.5565768414174328,0.4998039167544577,0.52454538603477
-1.0,-0.2104657069582445,-0.3549308138433116,-2.8923813761085637
-1.0,-0.4667851764640425,0.5918109482824963,0.680658334114963
0.895419568920184,-0.51604346243424,0.0136701256481337,2.139865377289094
-0.8299657700963747,0.6220132354423582,-0.9322625277181782,2.8157735257645435
-0.3725580698675654,-1.0,0.2163227204641771,3.5468213080524413
0.5297072590650129,0.7816284127502842,-0.3113480064978537,2.6798731286466686
1.0,-0.2122929913968576,-0.3708624684444965,4.51756267496497
-0.5636625756053197,0.5233940868083202,-0.0937635690446596,-1.5662696434637144
0.5717136833684218,-0.8759383905177454,-0.7978703097778623,-5.352775130778882
-0.5380181669838284,-1.0,0.0580944246032593,4.452631901446225
0.4576331474283202,-0.0498333366516037,-1.0,-3.03984462327382
-0.1545505428518034,-1.0,-0.4574043662841369,0.7865363788859812
1.0,-0.8307320443104811,0.3502478757331928,-0.0881519881321089
-1.0,1.0,-0.6428644940663608,12.819123642363545
0.4934988647212839,-0.538368482489956,0.2133252842044013,1.1355247326103284
-1.0,-0.2514896260873496,0.5836073859350843,-1.780757675268156
-0.0246890874754215,0.2270256912324901,-0.2141902720885622,0.40706878805243596
-0.4972587525084788,-0.065582755499902,1.0,1.392196790352319
-1.0,0.4596228087924325,-0.5249235023272363,0.6253867195853386
-0.4227949536478645,-0.7950819071031681,0.973124192861098,-0.0948283610759364
0.7282959447155821,-1.0,1.0,-7.072006462568227
0.6995829917832801,-0.2531333067579568,0.5987981681095456,1.7026454931184642
-0.71770780196346,0.4282067912548504,-0.4543774861202452,-1.7213230500452057
-0.4015391016006242,0.1366179233411901,1.0,1.7785818739139947
1.0,0.436731740672452,1.0,20.83939677716013
1.0,-0.17313057376913,0.6345734251480504,6.521485241437471
-0.2723357560707558,-0.9964535595579376,1.0,-5.189577782140397
0.1961955748262429,-0.8045305693677309,0.4415686596001558,0.7671820216330341
1.0,-0.1578002789211843,0.057341638113332,4.5102196439599
-0.548502435461723,-0.5378107969638004,-1.0,-2.426146602967464
0.1688284158039461,-1.0,-0.6391318804163024,-3.0738640020895436
-0.5391845341781001,0.7744805976111435,-0.0249412855179222,-0.5387162664594478
0.3480991238002309,-0.9248543525529592,-0.8108693338889332,-6.416155786799608
0.0200635901043912,0.9973204101274182,-0.3285995610939076,9.06336435789467
0.8651574549931482,0.7595310973811373,-0.4821942297986294,4.1506338303377195
-0.4472384567992506,0.384823812837652,0.1767346138539438,-1.0013823263608543
-0.7279359726901065,-0.0571068997810668,0.3314759205619129,-1.1748948702468756
-0.2593946804421774,-1.0,0.3253084043716427,2.8302054217411547
-0.7280781354591448,1.0,-0.1755214638974027,4.734013908454347
-1.0,-0.0505823273344812,-0.0709804169725827,-4.231359773590642
-0.3683504636071331,-1.0,-1.0,-13.769695865395116
-0.2850109718059486,-0.4898265901373528,-0.1318711659148093,1.003394734456809
-1.0,0.7696918699343622,-0.1177764430313716,1.271126703318425
-0.3793096601366794,-1.0,1.0,-4.443401061892107
0.8352361387241098,0.4270249617443606,0.066759752053144,2.7432541189015285
0.1456489011048727,1.0,0.1259098206696072,7.638686455343462
-0.6789094586403268,0.3438010916255234,-0.2505988519152413,-1.726763485335368
-0.5749068747345762,-0.9698287356920374,-0.4245529959086864,2.6699124993254
-0.2496859864187586,-0.4541392370062056,0.3789036771496179,0.5237376870483084
-0.071315543193013,-0.4550278485279573,-0.0600254069456138,1.0587513730180675
1.0,0.6231562839555651,-1.0,14.288788176989621
0.6112942046971892,0.8420322338066983,-0.1518804444008001,3.660661085996281
0.2851253359449774,-1.0,-0.0278083272595184,1.4994401483097533
-0.0867086597148905,-0.50061803631596,-0.1588121628941696,1.1761441515416577
-1.0,0.1403861168768767,-1.0,13.104610677466464
0.4762960579591049,-0.4541984223041295,0.0171487730735671,1.2898303850638544
0.5030564532441979,0.5193956437511513,-0.5999547957995048,1.057526112384332
0.9371732581981544,-0.549321120045331,0.4768679922256922,3.0456297410318776
-0.080164215109074,-0.1421192472040788,-0.4307819441330289,0.8141683133983202
-0.3624398595205638,1.0,-0.9206198807135524,3.263986880277291
0.7282953175684832,-0.1574332038664234,0.5723352398812129,2.0053873677483365
-0.1661698310336619,-0.931443519576596,-1.0,-12.745227389622054
0.4550194872233364,-0.932506882358522,-0.41866294973866,-0.2037447436085147
1.0,-1.0,1.0,-9.162914008934468
1.0,1.0,0.3196010026752309,13.321365922040165
1.0,0.3009591526419877,0.2487659680726082,6.465207853696551
0.6864805170088244,0.2354155214782958,0.5289677613361179,2.080116196517296
0.122550404298215,-1.0,-0.5874075587589478,-1.8457566301256088
-0.8232741565963058,-0.7674291265250888,0.1197550028108913,3.211388565677745
-1.0,-0.4834913172555877,1.0,8.435558068013535
-0.1380519427087108,-1.0,-0.2391719743633498,2.4600555139732685
-0.7944037449373504,-1.0,-1.0,-3.6470041674371436
-1.0,-1.0,1.0,22.27361990993591
-1.0,0.1060808779117328,1.0,3.336978277231462
-0.0453867551711666,-0.7581359156234657,0.5180576081040549,0.6883876482231475
0.4222798448183822,-0.0643402025175166,-1.0,-3.199461878364773
1.0,-0.0276286405450916,-1.0,7.658950910715074
0.5894243993039847,0.696455240222219,-0.1674842559651759,1.889196798549042
-0.953683009619304,0.0810583571301595,-0.5894955808476783,-0.6776370782695182
0.3381101332818881,-0.370378687457606,-1.0,-5.1133898224505465
0.2910995194184607,0.3083493656339133,1.0,1.568613389120296
1.0,-1.0,0.4462814761043772,-6.790028768601358
0.7404210841757068,0.2569645083025973,0.0665257379472019,1.8815766377911018
0.1441591813100085,-0.2076842177647189,0.0520713137253461,0.938089787668509
-0.1827957893444607,-0.6120212516599994,1.0,-1.2924219586349008
-1.0,1.0,0.5007979084641783,1.5622640553157119
0.7884947014127952,0.7377720375492738,1.0,12.820237133221264
0.5250124643998619,0.6251829579219625,0.3390747860708536,1.5880075511219975
0.0453956771940349,-1.0,-0.7321071075869039,-4.978134719568677
-1.0,-0.6667687739549473,0.4307048347139961,2.689409636164028
0.9339773884539492,-0.0192536473246252,-0.6157313655480872,3.826393231327775
0.4964231945941706,-0.9477458524947764,-0.0475480747705654,0.5304626373239125
0.1454376029409958,-0.2178532471819361,0.8408978574383208,-0.33308489836272104
0.5356873241991011,0.4681860058751121,-0.2683072080056441,1.1757051478797607
-1.0,1.0,-0.5875953942687238,12.73825932221133
-1.0,1.0,-0.2523891439950596,11.0071309990922
-0.1717532513923849,-0.2532413858769458,0.9562690955770125,-0.2983439889267694
-0.5390716986506829,-1.0,0.834451549847594,0.6460378431093576
0.4684216133283965,-1.0,0.8750437754224145,-3.5959501699815246
0.0210896547117107,-0.2088256124372047,-0.4691644823940031,0.9812441022019405
-1.0,0.2472889616847937,0.0603946012085823,-4.510626807375553
0.9945699884909732,1.0,-0.6204709115936216,22.882880348202228
1.0,1.0,0.869397100413446,20.346637513198267
-0.2419202321781897,1.0,-0.8182884909501691,6.4390359947559315
-0.8719703950041575,-1.0,-0.2609709989862561,6.181141009894329
0.668058797199089,-1.0,-0.0669762505104349,-1.67500116565509
-0.3554287760865118,-1.0,0.2586981578814809,3.3889057948083305
0.1030188820616313,-0.457440839489089,1.0,-2.2882167854930535
1.0,1.0,-0.0413727903704599,14.38135148907214
-1.0,0.8329580501292166,1.0,12.483592219255844
0.1111537431926719,0.8930810164696192,0.5915704810893874,4.615626049369682
0.4173863632047572,-0.4661857947614369,-1.0,-5.947263789849121
-0.5134182284407274,0.3380471696863207,-1.0,-1.6767519898146195
-1.0,-0.3532079511882604,-0.6141513028079364,-0.7448961787305262
0.7354620803747842,0.2178327517201312,0.0481777197409556,1.8322328845175857
-0.2899575606117117,-0.0555623621564662,-0.0189635918736066,0.15844189248828622
-0.239469869837771,-0.3659417046304767,0.3429001134738689,0.44120713638862163
0.4452973759791563,0.253371789680173,-1.0,-2.614709746338139
-0.9505260807792112,1.0,-0.8774734291037947,10.095433644553628
-0.1510720940853993,-0.0986938638429288,-0.2753721740336894,0.6221636631785705
-0.1107209850015009,-0.0700759699331396,-0.5150559297675255,0.6673263513374634
-1.0,-1.0,0.1392343304390644,8.42125274429726
-0.6864602621650902,-0.2442575714382928,-0.0843812760450919,-0.2940330719672284
0.0820330948534611,-0.4666243238391916,-0.4824364675225827,1.1268657268693314
0.2188143350468114,0.2311269165516687,-1.0,-3.2660596197712253
-1.0,-1.0,0.0950963337884425,8.092188920303835
0.1446199242033126,0.1349365565593119,-0.3942195726257631,0.8319962195869539
0.0115573857402146,-0.2531839775180318,0.3181760772374302,0.6131329377349919
0.0303465511365308,-0.9788853241189496,-0.4095939376175814,1.0027352493216157
-0.0731288990746492,0.6281108624655993,-0.2216910561543079,0.37844524341587493
-1.0,-0.0030257596027356,-1.0,11.12831918581447
0.1527502702442955,0.0817743964566022,0.5351497278217741,0.4547599600088541
-1.0,-0.6965537481662589,-0.3909249048421834,1.0277613355499464
-1.0,-0.8393260227303991,-0.7153329678611284,2.909093832570231
0.1564441052988796,0.545018711946853,-0.042565143380546,0.6391383257969288
0.4293585672070683,-0.6742320909553099,0.1482461263361829,1.1270263656299921
-0.52463583847339,-0.1160740810521143,-0.5316903478881336,0.2055974857502627
-0.0070399363722835,-0.6347851720476934,-1.0,-7.365001659926417
-0.5069589262475993,1.0,0.6123380426681144,6.8730505219636076
0.6512766661986429,1.0,0.307708292672014,7.243703095801376
-0.27551703870179,-0.7037313614374432,-1.0,-6.954498277062001
-1.0,1.0,-0.0034846184593078,8.138760525488525
-1.0,0.7610086667443094,-0.8465810123372353,10.411398980984115
-1.0,0.2211085714617824,-1.0,14.261266194549943
1.0,0.1887989279706012,0.6930648916899445,9.039627619145065
0.6734529028308418,-1.0,1.0,-7.088129710218189
0.0929375439664859,1.0,0.5815619529333977,8.17701905207598
0.1109005955386777,0.3937980860469987,1.0,2.356345011259397
-0.6268540926693738,-1.0,0.4139273683581701,4.8388785676061286
0.6516582800497739,-0.865337292824031,-1.0,-14.831075488141044
-1.0,0.1729266720750619,-1.0,13.568473831093877
1.0,0.7623013972639381,1.0,26.206469055835452
1.0,0.5898264407567217,-0.4525250142395371,5.633275344528638
0.8315414410419275,-0.457315071206279,0.6294266746187831,2.3971943984272204
-0.5211397498185264,-0.0655332684664042,-0.9551032918203376,-0.4066003354277492
1.0,0.1738747639651576,-0.0262351269020384,5.034143613154667
1.0,-0.358224374197942,0.0220552873194657,4.070692980590741
-0.6387266153198046,-0.430086798484895,-0.0591929061216909,0.48688660196332245
-0.8620510395100018,-0.8986739348724091,-0.6354730944082982,3.476318700035256
-0.2154815085643742,0.0729534842624299,-0.0062617301029663,0.11527249535899209
-0.072355704270369,0.8097276673174121,-0.0327499063028819,1.7995383899150277
-0.705103651567436,0.9214407799626784,-0.1986964812227665,1.5043939953290892
-0.2096556394725435,-0.0241586571110394,-0.0168725365969426,0.2687902071297268
-1.0,0.0010277128694187,-0.0021764745225316,-4.442301441219671
1.0,0.1995713322402923,0.1154610376512206,5.538149426142139
-0.9824410691223802,0.0080741047798373,-0.1921700322561557,-3.578299610802761
0.1246273405097948,1.0,0.5907526593198502,8.154988394930319
0.6900146565065579,1.0,0.5101087170923297,7.531982094309539
0.1594407510986342,1.0,-0.1141060357912349,8.58138498923268
1.0,0.9552109013645436,-0.3089899523906843,13.90873329881324
-0.7912084678356619,0.8967459930335904,0.3019052347126791,-0.14320330419644645
-1.0,-0.7449461783924995,0.8912157530948657,11.753227180196664
0.0966084902568282,-0.8609868878380122,0.4439575817439449,0.9234784207136297
-0.538458636632779,1.0,-0.143407159391534,5.695703629002137
0.0289338073365952,0.0917826106569612,0.0446959307773786,0.5248676319312868
1.0,1.0,-1.0,38.87890291927947
-0.0457839507278641,-0.790963691250266,-0.2273642327135008,1.7706627214104143
-1.0,0.8308918904912108,-0.3243524807406792,4.3788702308797935
-0.13111262289767,0.6243821237393152,0.0691284766845663,0.18890028190665253
-0.4048093959511765,0.4758842716407583,-1.0,-3.2659778585240136
-1.0,0.2011010530056296,-1.0,13.972956972333154
1.0,-1.0,0.92959290530344,-7.528180822354072
0.970091992120107,0.578707360576395,0.4112902106377825,7.80333400913721
0.1358539758594066,-0.9226934825183446,0.5030814432982937,0.6940188626153463
0.6129995728314734,0.2087758166604423,0.3840692497829912,1.5192661588312713
0.6734519116218545,0.3959101550824548,-0.5010601587239052,1.36608357567937
0.4831031801436209,0.5355146021267025,0.8473212031887931,2.4778464984501305
-0.0753049565986216,0.0021469712887152,0.0900799171610406,0.4189682510747854
0.3176167302772779,1.0,0.2873044161711238,7.212720893994616
0.6652663422416925,0.9598153450204012,-0.7445377819426069,10.28775002008968
0.0849984354863568,1.0,-0.3798887236836379,9.680320043629301
-0.8099131786253417,0.7711416250288714,0.4443090349591354,-2.024880813969553
-0.861015300615436,1.0,-0.3104187145723978,5.896183712964271
-0.1908426269499061,1.0,0.0322023137032794,7.289043397539357
0.3037646350880614,-0.7770490522521385,0.2391579174745686,1.0938110916603558
-0.414268785465969,0.6153169387467137,-0.1247351585325364,-0.8250168607021413
0.9957785839801284,0.6380841722308974,-1.0,14.138964431510374
