v,d,model,hp,nf,mse,se,r2
var1,1,OLS,0.0,6,8.74588629705713,0.44215105212672823,0.12423690891351469
var1,1,Ridge,1e-05,6,8.745886294186544,0.44215105344071576,0.12423690920095876
var1,1,Ridge,1.7433288221999873e-05,6,8.745886292052758,0.4421510544174405,0.12423690941462417
var1,1,Ridge,3.039195382313195e-05,6,8.745886288332866,0.44215105612019256,0.12423690978711321
var1,1,Ridge,5.2983169062837125e-05,6,8.745886281847868,0.4421510590886493,0.12423691043648344
var1,1,Ridge,9.236708571873866e-05,6,8.745886270542396,0.44215106426364525,0.12423691156854888
var1,1,Ridge,0.00016102620275609394,6,8.745886250833262,0.44215107328536396,0.12423691354210897
var1,1,Ridge,0.0002807216203941176,6,8.745886216473835,0.4421510890131816,0.1242369169826657
var1,1,Ridge,0.0004893900918477494,6,8.745886156574265,0.4421511164319291,0.12423692298066646
var1,1,Ridge,0.0008531678524172815,6,8.74588605215027,0.44215116423178735,0.12423693343708897
var1,1,Ridge,0.0014873521072935117,6,8.745885870106878,0.44215124756255386,0.12423695166587401
var1,1,Ridge,0.002592943797404667,6,8.745885552751384,0.44215139283516514,0.12423698344404022
var1,1,Ridge,0.004520353656360245,6,8.745884999514614,0.44215164609213425,0.12423703884200998
var1,1,Ridge,0.007880462815669913,6,8.745884035096362,0.4421520875993896,0.12423713541334425
var1,1,Ridge,0.013738237958832637,6,8.745882353966454,0.4421528572828423,0.12423730375208963
var1,1,Ridge,0.02395026619987486,6,8.745879423715461,0.4421541990672296,0.12423759717068417
var1,1,Ridge,0.04175318936560404,6,8.74587431687802,0.44215653815669204,0.12423810854021167
var1,1,Ridge,0.07278953843983153,6,8.745865418701772,0.44216061570978277,0.12423899955274853
var1,1,Ridge,0.12689610031679235,6,8.745849920596664,0.44216772346898864,0.12424055144445767
var1,1,Ridge,0.22122162910704501,6,8.745822945865225,0.4421801123315081,0.12424325253996538
var1,1,Ridge,0.38566204211634725,6,8.745776052292246,0.44220170320852276,0.12424794819447438
var1,1,Ridge,0.6723357536499335,6,8.74569470258361,0.4422393219961512,0.12425609408956984
var1,1,Ridge,1.1721022975334818,6,8.745554098753857,0.44230483953155525,0.12427017335385271
var1,1,Ridge,2.043359717856944,6,8.745312653575684,0.4424188629040884,0.12429435029468883
var1,1,Ridge,3.562247890262444,6,8.744902792256807,0.44261705205870316,0.12433539146574268
var1,1,Ridge,6.2101694189156165,6,8.744221313161756,0.4429607765329505,0.12440363088922946
var1,1,Ridge,10.82636733874054,6,8.7431308126487,0.44355464110167464,0.12451282738089531
var1,1,Ridge,18.873918221350994,6,8.74151161148175,0.4445739782281485,0.12467496493572905
var1,1,Ridge,32.90344562312671,6,8.739474740621512,0.44630417045933096,0.12487892554762337
var1,1,Ridge,57.361525104486816,6,8.737987125716925,0.4491863980367339,0.12502788680585786
var1,1,Ridge,100.0,6,8.740303264031276,0.45384304984009033,0.12479596194648268
var1,2,OLS,0.0,27,2.924681659417999,0.1408859003033113,0.707139086480268
var1,2,Ridge,1e-05,27,2.9246816527179527,0.14088589794662348,0.7071390871511722
var1,2,Ridge,1.7433288221999873e-05,27,2.92468164773762,0.14088589619482988,0.7071390876498744
var1,2,Ridge,3.039195382313195e-05,27,2.9246816390552683,0.1408858931408783,0.7071390885192754
var1,2,Ridge,5.2983169062837125e-05,27,2.924681623919097,0.14088588781683892,0.7071390900349253
var1,2,Ridge,9.236708571873866e-05,27,2.9246815975318388,0.14088587853529472,0.7071390926771945
var1,2,Ridge,0.00016102620275609394,27,2.924681551530373,0.14088586235453346,0.7071390972835185
var1,2,Ridge,0.0002807216203941176,27,2.9246814713353064,0.14088583414621253,0.7071391053137943
var1,2,Ridge,0.0004893900918477494,27,2.9246813315307993,0.14088578497003754,0.707139119313019
var1,2,Ridge,0.0008531678524172815,27,2.9246810878112397,0.14088569924041197,0.7071391437177034
var1,2,Ridge,0.0014873521072935117,27,2.92468066294513,0.1408855497873635,0.7071391862613685
var1,2,Ridge,0.002592943797404667,27,2.924679922316139,0.14088528924726557,0.7071392604237247
var1,2,Ridge,0.004520353656360245,27,2.924678631315351,0.14088483505755403,0.7071393896971685
var1,2,Ridge,0.007880462815669913,27,2.924676381159921,0.14088404330826973,0.7071396150148788
var1,2,Ridge,0.013738237958832637,27,2.924672459868315,0.1408826631891722,0.7071400076706189
var1,2,Ridge,0.02395026619987486,27,2.9246656282323573,0.14088025767475815,0.7071406917516166
var1,2,Ridge,0.04175318936560404,27,2.924653732010964,0.14087606555196183,0.7071418829712672
var1,2,Ridge,0.07278953843983153,27,2.924633034202349,0.14086876179967758,0.7071439555315815
var1,2,Ridge,0.12689610031679235,27,2.9245970763076277,0.1408560426161502,0.7071475561497418
var1,2,Ridge,0.22122162910704501,27,2.9245347699583175,0.14083391037271428,0.7071537951516238
var1,2,Ridge,0.38566204211634725,27,2.9244273025575906,0.14079545246503786,0.7071645563232026
var1,2,Ridge,0.6723357536499335,27,2.9242434448113364,0.1407287892637696,0.7071829667875869
var1,2,Ridge,1.1721022975334818,27,2.9239334786151687,0.1406137279731224,0.7072140050317244
var1,2,Ridge,2.043359717856944,27,2.923424887701202,0.1404166205099399,0.7072649324204172
var1,2,Ridge,3.562247890262444,27,2.922633239456264,0.14008344015208182,0.7073442035532096
var1,2,Ridge,6.2101694189156165,27,2.921533598685511,0.13953360736695491,0.7074543152980655
var1,2,Ridge,10.82636733874054,27,2.920427332158982,0.138665600560412,0.7075650905082536
var1,2,Ridge,18.873918221350994,27,2.920759751366091,0.13740905192658429,0.7075318039478677
var1,2,Ridge,32.90344562312671,27,2.9272745315309643,0.13591040564767776,0.7068794510791987
var1,2,Ridge,57.361525104486816,27,2.9527309969489854,0.13500716669505058,0.7043303860576098
var1,2,Ridge,100.0,27,3.0255740679350853,0.13705099229190792,0.6970362970603077
var1,3,OLS,0.0,83,0.9935336492163447,0.02757761472594836,0.9005132161358057
var1,3,Ridge,1e-05,83,0.9935336248575307,0.02757761863672796,0.9005132185749581
var1,3,Ridge,1.7433288221999873e-05,83,0.993533606750948,0.02757762154372188,0.9005132203880479
var1,3,Ridge,3.039195382313195e-05,83,0.9935335751852732,0.02757762661156569,0.9005132235488542
var1,3,Ridge,5.2983169062837125e-05,83,0.9935335201560829,0.02757763544647592,0.900513229059163
var1,3,Ridge,9.236708571873866e-05,83,0.9935334242225983,0.027577650848605396,0.9005132386653941
var1,3,Ridge,0.00016102620275609394,83,0.9935332569804742,0.02757767769950848,0.900513255412065
var1,3,Ridge,0.0002807216203941176,83,0.9935329654269717,0.027577724509239194,0.9005132846065672
var1,3,Ridge,0.0004893900918477494,83,0.9935324571670616,0.027577806113315853,0.900513335500811
var1,3,Ridge,0.0008531678524172815,83,0.9935315711445873,0.027577948373999555,0.9005134242220401
var1,3,Ridge,0.0014873521072935117,83,0.9935300266427276,0.02757819637490515,0.900513578879633
var1,3,Ridge,0.002592943797404667,83,0.993527334453003,0.027578628703055455,0.9005138484601323
var1,3,Ridge,0.004520353656360245,83,0.9935226422505415,0.027579382335522522,0.9005143183104816
var1,3,Ridge,0.007880462815669913,83,0.993514465751676,0.02758069598956908,0.900515137058368
var1,3,Ridge,0.013738237958832637,83,0.9935002222163977,0.027582985588618283,0.9005165633246216
var1,3,Ridge,0.02395026619987486,83,0.9934754238083908,0.02758697549825187,0.9005190464955334
var1,3,Ridge,0.04175318936560404,83,0.9934322913850824,0.027593926327973247,0.9005233655300005
var1,3,Ridge,0.07278953843983153,83,0.9933573982933501,0.02760602909539414,0.9005308648963641
var1,3,Ridge,0.12689610031679235,83,0.9932277439584529,0.027627083500401058,0.9005438477407833
var1,3,Ridge,0.22122162910704501,83,0.9930044472581165,0.027663654116020897,0.900566207396726
var1,3,Ridge,0.38566204211634725,83,0.9926233249807297,0.027727010002768636,0.900604370804343
var1,3,Ridge,0.6723357536499335,83,0.991982932267091,0.027836294558914395,0.9006684960723097
var1,3,Ridge,1.1721022975334818,83,0.990935782981832,0.02802350476569282,0.9007733516196766
var1,3,Ridge,2.043359717856944,83,0.9893031049569414,0.02834095344126914,0.9009368386700752
var1,3,Ridge,3.562247890262444,83,0.9869662021677496,0.02887236978419389,0.9011708427653401
var1,3,Ridge,6.2101694189156165,83,0.9841439754815747,0.02975191824219391,0.9014534444231346
var1,3,Ridge,10.82636733874054,83,0.9820506209078987,0.031204183838866906,0.9016630609914176
var1,3,Ridge,18.873918221350994,83,0.9842989052134332,0.03361827875000326,0.9014379306448547
var1,3,Ridge,32.90344562312671,83,0.9997420506761081,0.0376278964647213,0.899891542280414
var1,3,Ridge,57.361525104486816,83,1.0473555239460475,0.04418813727999372,0.8951238010690657
var1,3,Ridge,100.0,83,1.1617477374934464,0.05476461002292464,0.8836692182938238
var1,4,OLS,0.0,209,0.7989000754078337,0.07982281163293371,0.9200027103320778
var1,4,Ridge,1e-05,209,0.7988998688776776,0.07982273626149314,0.9200027310128278
var1,4,Ridge,1.7433288221999873e-05,209,0.7988997153585375,0.07982268023589223,0.9200027463853575
var1,4,Ridge,3.039195382313195e-05,209,0.7988994477255774,0.07982258256517949,0.9200027731845932
var1,4,Ridge,5.2983169062837125e-05,209,0.7988989811575242,0.0798224122940201,0.9200028199040526
var1,4,Ridge,9.236708571873866e-05,209,0.7988981677887532,0.07982211545846764,0.9200029013501548
var1,4,Ridge,0.00016102620275609394,209,0.798896749858321,0.07982159798581501,0.9200030433336082
var1,4,Ridge,0.0002807216203941176,209,0.7988942780572108,0.07982069588915283,0.9200032908456506
var1,4,Ridge,0.0004893900918477494,209,0.798889969253309,0.07981912332412498,0.9200037223046584
var1,4,Ridge,0.0008531678524172815,209,0.7988824586797317,0.07981638208775778,0.9200044743705907
var1,4,Ridge,0.0014873521072935117,209,0.798869368587122,0.07981160400606505,0.9200057851376847
var1,4,Ridge,0.002592943797404667,209,0.7988465582947424,0.07980327665217676,0.9200080692300551
var1,4,Ridge,0.004520353656360245,209,0.7988068229434125,0.07978876666356088,0.9200120481011408
var1,4,Ridge,0.007880462815669913,209,0.7987376436372571,0.07976349320890218,0.920018975321658
var1,4,Ridge,0.013738237958832637,209,0.7986173214421286,0.07971950059261984,0.9200310236989124
var1,4,Ridge,0.02395026619987486,209,0.7984084064044016,0.07964301042674753,0.9200519432573198
var1,4,Ridge,0.04175318936560404,209,0.7980467435587714,0.07951027498536947,0.9200881581086067
var1,4,Ridge,0.07278953843983153,209,0.7974238418492658,0.07928070163762307,0.9201505319273405
var1,4,Ridge,0.12689610031679235,209,0.7963602984428685,0.07888587328476572,0.9202570290883434
var1,4,Ridge,0.22122162910704501,209,0.7945707135627911,0.0782131469496765,0.9204362278948572
var1,4,Ridge,0.38566204211634725,209,0.7916304407125581,0.07708396934943432,0.9207306500211573
var1,4,Ridge,0.6723357536499335,209,0.7869775529942977,0.0752315024480645,0.9211965636166717
var1,4,Ridge,1.1721022975334818,209,0.7800160952959317,0.07229031432628383,0.921893644221806
var1,4,Ridge,2.043359717856944,209,0.7703957752096741,0.06782004275756379,0.9228569681171576
var1,4,Ridge,3.562247890262444,209,0.7584835120915066,0.06139203588582898,0.9240497940945216
var1,4,Ridge,6.2101694189156165,209,0.7459414807528597,0.05277473883597909,0.925305681463802
var1,4,Ridge,10.82636733874054,209,0.7362458116835814,0.04224952549321387,0.9262765503758664
var1,4,Ridge,18.873918221350994,209,0.734895949900336,0.03110211132222088,0.9264117178234734
var1,4,Ridge,32.90344562312671,209,0.7490937272393718,0.022576424896939437,0.9249900335085086
var1,4,Ridge,57.361525104486816,209,0.7872210873883232,0.02177818324633393,0.9211721774736951
var1,4,Ridge,100.0,209,0.8592150527076459,0.027874812310623873,0.9139631130671707
var1,4,Lasso,0.0001,209,1.0414310642197193,0.05394227346120816,0.8957170426213475
var1,4,Lasso,0.00021544346900318845,209,0.7381002045225973,0.02624604779384941,0.9260908620705735
var1,4,Lasso,0.00046415888336127773,209,0.6387167911192158,0.01642715882649819,0.9360425493402968
var1,4,Lasso,0.001,209,0.6048749882684904,0.008330649249398515,0.9394312741494066
var1,4,Lasso,0.002154434690031882,209,0.6275807350326191,0.020821363647598522,0.9371576503797641
var1,4,Lasso,0.004641588833612777,209,0.6739398539131065,0.040479107563968594,0.9325155130512142
var1,4,Lasso,0.01,209,0.7241393573063177,0.05854336959855645,0.9274888215565582
var1,4,Lasso,0.021544346900318822,209,0.75743149989436,0.0690725165793281,0.9241551365861046
var1,4,Lasso,0.046415888336127774,209,0.7772444165099582,0.07430338251112549,0.9221711843016399
var1,4,Lasso,0.1,209,0.7881720158729586,0.07711278890339286,0.9210769569276211
var1,5,OLS,0.0,461,1.4041011407086859,0.19371420727838068,0.8594013329902468
var1,5,Ridge,1e-05,461,1.4040454866775989,0.1936947738477927,0.8594069058669846
var1,5,Ridge,1.7433288221999873e-05,461,1.4040041242072971,0.19368033170261056,0.8594110476684689
var1,5,Ridge,3.039195382313195e-05,461,1.4039320296318905,0.1936551609885304,0.8594182668073949
var1,5,Ridge,5.2983169062837125e-05,461,1.4038063870363973,0.1936113004899144,0.8594308479391479
var1,5,Ridge,9.236708571873866e-05,461,1.4035874780880013,0.1935348989539952,0.8594527682306773
var1,5,Ridge,0.00016102620275609394,461,1.403206234491674,0.19340189326520882,0.8594909437864798
var1,5,Ridge,0.0002807216203941176,461,1.4025427738940255,0.19317058822319655,0.8595573789405713
var1,5,Ridge,0.0004893900918477494,461,1.4013896918772197,0.19276906377433065,0.8596728419865125
var1,5,Ridge,0.0008531678524172815,461,1.399390194691158,0.19207424473178822,0.8598730602121798
var1,5,Ridge,0.0014873521072935117,461,1.395936532242406,0.1908784195485272,0.8602188902400303
var1,5,Ridge,0.002592943797404667,461,1.3900111453609365,0.1888394918791817,0.8608122246323313
var1,5,Ridge,0.004520353656360245,461,1.3799606180383726,0.18541789523285815,0.861818627022678
var1,5,Ridge,0.007880462815669913,461,1.3632350685539802,0.17982652681669933,0.8634934279998527
var1,5,Ridge,0.013738237958832637,461,1.3362465933411805,0.17107462416060001,0.8661958997303651
var1,5,Ridge,0.02395026619987486,461,1.2947165684894357,0.15825704032895943,0.8703544791700842
var1,5,Ridge,0.04175318936560404,461,1.234990612673465,0.14118836166023518,0.8763350951885076
var1,5,Ridge,0.07278953843983153,461,1.1561976298434957,0.12105920006595657,0.8842249743677415
var1,5,Ridge,0.12689610031679235,461,1.0616711915602466,0.10027390845573335,0.8936903118954189
var1,5,Ridge,0.22122162910704501,461,0.9578486657038102,0.08121736501556456,0.9040865065268348
var1,5,Ridge,0.38566204211634725,461,0.8517139432695651,0.06509485129869858,0.9147142313146469
var1,5,Ridge,0.6723357536499335,461,0.749759378906855,0.05179449845735958,0.924923378953201
var1,5,Ridge,1.1721022975334818,461,0.6585157782937546,0.04059479593821481,0.934059991870485
var1,5,Ridge,2.043359717856944,461,0.5839138968902484,0.031033806731122035,0.9415301980954145
var1,5,Ridge,3.562247890262444,461,0.5292258701876433,0.023148849861665887,0.947006344672647
var1,5,Ridge,6.2101694189156165,461,0.4941118130666817,0.017574359309005163,0.9505224657563601
var1,5,Ridge,10.82636733874054,461,0.4761327677276788,0.0155001127495375,0.952322784647559
var1,5,Ridge,18.873918221350994,461,0.4734803320635129,0.016477942396010716,0.9525883844023763
var1,5,Ridge,32.90344562312671,461,0.48661805844673955,0.018245280468829016,0.9512728475343639
var1,5,Ridge,57.361525104486816,461,0.5182379101321424,0.019757137124636965,0.9481066162215898
var1,5,Ridge,100.0,461,0.5733292886113881,0.0215985613395055,0.9425900803016757
var1,5,Lasso,0.0001,461,0.8078910346670816,0.0425474325773273,0.919102407034588
var1,5,Lasso,0.00021544346900318845,461,0.47691450050821615,0.022750209150648487,0.9522445063927276
var1,5,Lasso,0.00046415888336127773,461,0.3611923112166025,0.014400918810991595,0.9638322653412313
var1,5,Lasso,0.001,461,0.33043067039738705,0.013095695420696626,0.9669125603205742
var1,5,Lasso,0.002154434690031882,461,0.34026113593245916,0.012271153301595275,0.9659281936604781
var1,5,Lasso,0.004641588833612777,461,0.3692589971140907,0.01730743647359397,0.9630245134980836
var1,5,Lasso,0.01,461,0.44005067643458756,0.017552499484252818,0.955935839143172
var1,5,Lasso,0.021544346900318822,461,0.5585505662620415,0.02994965853235594,0.9440699371312034
var1,5,Lasso,0.046415888336127774,461,0.7151822542633227,0.050138580149294606,0.9283857346859632
var1,5,Lasso,0.1,461,0.8968103593201484,0.06827665389832488,0.9101985338340303
var1,6,Ridge,1e-05,923,90.23497861384678,16.57830438437809,-8.035615272242445
var1,6,Ridge,1.7433288221999873e-05,923,89.63084308085499,16.412079832296314,-7.975120591218969
var1,6,Ridge,3.039195382313195e-05,923,88.61658436320712,16.136591382151042,-7.873558517398321
var1,6,Ridge,5.2983169062837125e-05,923,86.95522069359887,15.694047576749085,-7.7071990504104555
var1,6,Ridge,9.236708571873866e-05,923,84.334341558761,15.014278385662262,-7.44475918616685
var1,6,Ridge,0.00016102620275609394,923,80.41548595662786,14.02922428427115,-7.052347373449763
var1,6,Ridge,0.0002807216203941176,923,74.94956399179085,12.696737472855181,-6.505021173110995
var1,6,Ridge,0.0004893900918477494,923,67.90877215686878,11.029720341694283,-5.79999650075473
var1,6,Ridge,0.0008531678524172815,923,59.51001091361259,9.125150086697502,-4.958992529531554
var1,6,Ridge,0.0014873521072935117,923,50.11772434457881,7.162132535608201,-4.018502607905791
var1,6,Ridge,0.002592943797404667,923,40.246639556590196,5.334065287545645,-3.0300685678686445
var1,6,Ridge,0.004520353656360245,923,30.6739127324469,3.7743345437875035,-2.071510389898831
var1,6,Ridge,0.007880462815669913,923,22.301289165881933,2.5690184570149963,-1.2331236963025805
var1,6,Ridge,0.013738237958832637,923,15.73596640015855,1.7630389911589885,-0.5757097803195805
var1,6,Ridge,0.02395026619987486,923,11.033145349766889,1.2803502535911717,-0.10479614618013056
var1,6,Ridge,0.04175318936560404,923,7.841105084479032,0.9656965045325306,0.21483653078957277
var1,6,Ridge,0.07278953843983153,923,5.7069821203639615,0.7284185548361946,0.42853541279321317
var1,6,Ridge,0.12689610031679235,923,4.25935994791163,0.5506566340751055,0.573492027298798
var1,6,Ridge,0.22122162910704501,923,3.2450811234902845,0.4274926726377127,0.6750561144968781
var1,6,Ridge,0.38566204211634725,923,2.5056927615986213,0.3398068495246916,0.749094241146375
var1,6,Ridge,0.6723357536499335,923,1.9463768329459548,0.26705530319888465,0.8051009430326763
var1,6,Ridge,1.1721022975334818,923,1.5145194796677663,0.20153016520940045,0.8483446713146912
var1,6,Ridge,2.043359717856944,923,1.1844617081703406,0.14487768928394398,0.8813947710285377
var1,6,Ridge,3.562247890262444,923,0.9424556044864705,0.1000908963264726,0.9056278797410643
var1,6,Ridge,6.2101694189156165,923,0.7758547238368226,0.06805284493026423,0.9223103401870183
var1,6,Ridge,10.82636733874054,923,0.6705686532422702,0.04832401186586472,0.9328530858277043
var1,6,Ridge,18.873918221350994,923,0.6131923012944431,0.03953295430816769,0.9385984259373743
var1,6,Ridge,32.90344562312671,923,0.5932502138127498,0.037533357290886936,0.9405953126544542
var1,6,Ridge,57.361525104486816,923,0.6040960890128261,0.03748863592291812,0.9395092686712443
var1,6,Ridge,100.0,923,0.6427248705143869,0.03714689116803745,0.9356412031666544
var1,7,Ridge,1e-05,1715,7.680121220432167,0.8115344521577925,0.23095653528130378
var1,7,Ridge,1.7433288221999873e-05,1715,7.679239283244738,0.8113165025721557,0.2310448474330027
var1,7,Ridge,3.039195382313195e-05,1715,7.677703048921425,0.8109369866427888,0.23119867716207987
var1,7,Ridge,5.2983169062837125e-05,1715,7.6750287446485475,0.8102767047807768,0.2314664667144447
var1,7,Ridge,9.236708571873866e-05,1715,7.670378227788682,0.8091296668698855,0.2319321429057436
var1,7,Ridge,0.00016102620275609394,1715,7.66230607652079,0.8071422100762582,0.23274044201986144
var1,7,Ridge,0.0002807216203941176,1715,7.648339407241903,0.8037139848747645,0.2341389844939359
var1,7,Ridge,0.0004893900918477494,1715,7.624305459689668,0.797845836626896,0.23654560670287517
var1,7,Ridge,0.0008531678524172815,1715,7.58332774742424,0.7879312250617413,0.24064888071540136
var1,7,Ridge,0.0014873521072935117,1715,7.51452022751739,0.7715381948787102,0.24753887268155517
var1,7,Ridge,0.002592943797404667,1715,7.4017653263157115,0.7453590831339658,0.25882950435198515
var1,7,Ridge,0.004520353656360245,1715,7.223655257632946,0.7057117622432385,0.27666442913893674
var1,7,Ridge,0.007880462815669913,1715,6.956187009204572,0.6500177725659567,0.3034471715683619
var1,7,Ridge,0.013738237958832637,1715,6.5784930077987696,0.5790076892453756,0.341267291213328
var1,7,Ridge,0.02395026619987486,1715,6.078702578673065,0.49814009315093954,0.39131344962883907
var1,7,Ridge,0.04175318936560404,1715,5.458308123088792,0.4166549713743949,0.4534362062782389
var1,7,Ridge,0.07278953843983153,1715,4.73961018495653,0.3438653147641673,0.5254025120908333
var1,7,Ridge,0.12689610031679235,1715,3.9728634606161783,0.28326857482243395,0.6021801488655865
var1,7,Ridge,0.22122162910704501,1715,3.226532059967152,0.23003690258530865,0.6769135117526878
var1,7,Ridge,0.38566204211634725,1715,2.5613863084448822,0.17829702589547416,0.7435174075262005
var1,7,Ridge,0.6723357536499335,1715,2.0105036822639644,0.12939688278551473,0.7986796466799815
var1,7,Ridge,1.1721022975334818,1715,1.5776129270130486,0.09064876081267863,0.8420268539320207
var1,7,Ridge,2.043359717856944,1715,1.2486914451902076,0.06666701926145091,0.8749631720891462
var1,7,Ridge,3.562247890262444,1715,1.0053698019367996,0.05137939382736899,0.899328011418872
var1,7,Ridge,6.2101694189156165,1715,0.8318704140709453,0.03627140286190635,0.9167012489682946
var1,7,Ridge,10.82636733874054,1715,0.7153856059664779,0.021341366737342368,0.9283653722080983
var1,7,Ridge,18.873918221350994,1715,0.6443233558807566,0.013197916446948326,0.9354811399737475
var1,7,Ridge,32.90344562312671,1715,0.608071368930835,0.014854257406207839,0.939111206849871
var1,7,Ridge,57.361525104486816,1715,0.5989611504388869,0.017918498789469942,0.9400234520856303
var1,7,Ridge,100.0,1715,0.6139990066594138,0.019293753777492154,0.9385176470705989
var2,1,OLS,0.0,3,34.53473474271671,2.236038631631331,0.24889190469104272
var2,1,Ridge,1e-05,3,34.534734739595294,2.236038631308568,0.24889190475893141
var2,1,Ridge,1.7433288221999873e-05,3,34.53473473727506,2.236038631068649,0.24889190480939505
var2,1,Ridge,3.039195382313195e-05,3,34.53473473323013,2.2360386306503885,0.24889190489736968
var2,1,Ridge,5.2983169062837125e-05,3,34.5347347261785,2.236038629921227,0.248891905050738
var2,1,Ridge,9.236708571873866e-05,3,34.53473471388524,2.236038628650061,0.24889190531810834
var2,1,Ridge,0.00016102620275609394,3,34.534734692454194,2.236038626434008,0.24889190578421994
var2,1,Ridge,0.0002807216203941176,3,34.53473465509323,2.2360386225707205,0.2488919065967964
var2,1,Ridge,0.0004893900918477494,3,34.534734589962085,2.2360386158358025,0.2488919080133568
var2,1,Ridge,0.0008531678524172815,3,34.53473447642093,2.2360386040948264,0.24889191048280324
var2,1,Ridge,0.0014873521072935117,3,34.53473427849312,2.2360385836270393,0.24889191478760475
var2,1,Ridge,0.002592943797404667,3,34.53473393347559,2.2360385479467766,0.24889192229151258
var2,1,Ridge,0.004520353656360245,3,34.53473333210514,2.2360384857498716,0.24889193537093002
var2,1,Ridge,0.007880462815669913,3,34.53473228404865,2.2360383773370116,0.24889195816547938
var2,1,Ridge,0.013738237958832637,3,34.53473045794429,2.236038188388793,0.2488919978820654
var2,1,Ridge,0.02395026619987486,3,34.53472727749128,2.2360378591450485,0.2488920670548569
var2,1,Ridge,0.04175318936560404,3,34.534721742176565,2.236037285636368,0.24889218744436392
var2,1,Ridge,0.07278953843983153,3,34.53471212044387,2.2360362872546626,0.24889239671081287
var2,1,Ridge,0.12689610031679235,3,34.53469543210421,2.236034551099428,0.2488927596713838
var2,1,Ridge,0.22122162910704501,3,34.534666598589794,2.236031537630731,0.2488933867816321
var2,1,Ridge,0.38566204211634725,3,34.53461712111293,2.236026324307681,0.24889446288468298
var2,1,Ridge,0.6723357536499335,3,34.53453325975816,2.236017357582011,0.24889628681479037
var2,1,Ridge,1.1721022975334818,3,34.53439432111923,2.2360020948106785,0.24889930864012733
var2,1,Ridge,2.043359717856944,3,34.53417407781349,2.2359766033741804,0.248904098789266
var2,1,Ridge,3.562247890262444,3,34.53385642611123,2.2359355284509155,0.24891100750788897
var2,1,Ridge,6.2101694189156165,3,34.53350168385085,2.2358739990452317,0.24891872292210881
var2,1,Ridge,10.82636733874054,3,34.53347521133464,2.2357965860442612,0.24891929868217721
var2,1,Ridge,18.873918221350994,3,34.53516173682517,2.2357483948557135,0.24888261784596066
var2,1,Ridge,32.90344562312671,3,34.543034391872695,2.235908324187482,0.24871139270171572
var2,1,Ridge,57.361525104486816,3,34.57013886296086,2.2368343565694597,0.24812188802461144
var2,1,Ridge,100.0,3,34.650762435631066,2.2399994149671962,0.24636837757907104
var2,2,OLS,0.0,9,21.521131744186384,1.0232641859718774,0.5319293345179648
var2,2,Ridge,1e-05,9,21.521131735709258,1.023264183229276,0.5319293347023368
var2,2,Ridge,1.7433288221999873e-05,9,21.52113172940797,1.0232641811906207,0.5319293348393856
var2,2,Ridge,3.039195382313195e-05,9,21.52113171842277,1.023264177636576,0.5319293350783068
var2,2,Ridge,5.2983169062837125e-05,9,21.52113169927197,1.0232641714407107,0.5319293354948241
var2,2,Ridge,9.236708571873866e-05,9,21.52113166588594,1.0232641606392883,0.5319293362209487
var2,2,Ridge,0.00016102620275609394,9,21.521131607683387,1.0232641418088828,0.5319293374868164
var2,2,Ridge,0.0002807216203941176,9,21.521131506218094,1.0232641089813719,0.5319293396936209
var2,2,Ridge,0.0004893900918477494,9,21.521131329333393,1.0232640517524603,0.5319293435407484
var2,2,Ridge,0.0008531678524172815,9,21.52113102097333,1.0232639519843616,0.53192935024738
var2,2,Ridge,0.0014873521072935117,9,21.521130483425047,1.0232637780579266,0.5319293619387067
var2,2,Ridge,0.002592943797404667,9,21.52112954637674,1.0232634748535456,0.5319293823188999
var2,2,Ridge,0.004520353656360245,9,21.52112791302167,1.0232629462886287,0.5319294178433139
var2,2,Ridge,0.007880462815669913,9,21.521125066240376,1.0232620248870128,0.5319294797589618
var2,2,Ridge,0.013738237958832637,9,21.52112010547268,1.0232604187659118,0.5319295876524437
var2,2,Ridge,0.02395026619987486,9,21.521111463630227,1.0232576193306093,0.5319297756069155
var2,2,Ridge,0.04175318936560404,9,21.521096417527257,1.0232527407019887,0.531930102849902
var2,2,Ridge,0.07278953843983153,9,21.521070246387026,1.0232442408373046,0.5319306720552381
var2,2,Ridge,0.12689610031679235,9,21.521024801251507,1.0232294385459924,0.5319316604574782
var2,2,Ridge,0.22122162910704501,9,21.520946121544213,1.0232036811891632,0.5319333716901117
var2,2,Ridge,0.38566204211634725,9,21.520810615391063,1.0231589231464833,0.5319363188611079
var2,2,Ridge,0.6723357536499335,9,21.52057941719101,1.0230813368839315,0.531941347272097
var2,2,Ridge,1.1721022975334818,9,21.5201916249671,1.0229474184639948,0.5319497815016008
var2,2,Ridge,2.043359717856944,9,21.51956177168697,1.0227180135843061,0.5319634804021741
var2,2,Ridge,3.562247890262444,9,21.518603134258107,1.0223303507190054,0.531984330144865
var2,2,Ridge,6.2101694189156165,9,21.517350372732984,1.021691431580025,0.5320115768959988
var2,2,Ridge,10.82636733874054,9,21.516411028778204,1.0206878009049016,0.5320320070181346
var2,2,Ridge,18.873918221350994,9,21.518416731449726,1.0192630283499795,0.5319883842851214
var2,2,Ridge,32.90344562312671,9,21.532286436252544,1.017715152477259,0.5316867271959747
var2,2,Ridge,57.361525104486816,9,21.584614972064944,1.0176059719992796,0.5305486154613059
var2,2,Ridge,100.0,9,21.746123008174113,1.024074023029329,0.5270359203651134
var2,3,OLS,0.0,19,12.213840346204647,1.1313688205277108,0.7343568894566297
var2,3,Ridge,1e-05,19,12.213840305186514,1.1313688574512404,0.7343568903487474
var2,3,Ridge,1.7433288221999873e-05,19,12.21384027469674,1.1313688848975563,0.7343568910118803
var2,3,Ridge,3.039195382313195e-05,19,12.213840221543412,1.1313689327454914,0.7343568921679307
var2,3,Ridge,5.2983169062837125e-05,19,12.213840128880829,1.131369016160122,0.7343568941832818
var2,3,Ridge,9.236708571873866e-05,19,12.213839967342954,1.1313691615790888,0.7343568976966259
var2,3,Ridge,0.00016102620275609394,19,12.213839685739874,1.13136941509167,0.7343569038213104
var2,3,Ridge,0.0002807216203941176,19,12.213839194845203,1.1313698570459536,0.7343569144979513
var2,3,Ridge,0.0004893900918477494,19,12.21383833915191,1.1313706275130182,0.7343569331087257
var2,3,Ridge,0.0008531678524172815,19,12.213836847693537,1.1313719706765526,0.7343569655469786
var2,3,Ridge,0.0014873521072935117,19,12.213834248491978,1.1313743122099862,0.7343570220779276
var2,3,Ridge,0.002592943797404667,19,12.213829719966437,1.1313783941442543,0.7343571205704227
var2,3,Ridge,0.004520353656360245,19,12.213821833575576,1.131385509907529,0.7343572920943121
var2,3,Ridge,0.007880462815669913,19,12.21380811027618,1.131397913836342,0.7343575905671786
var2,3,Ridge,0.013738237958832637,19,12.21378426282238,1.1314195343576345,0.7343581092338408
var2,3,Ridge,0.02395026619987486,19,12.213742921973196,1.1314572150802287,0.7343590083705135
var2,3,Ridge,0.04175318936560404,19,12.213671558599977,1.1315228716848797,0.7343605604776234
var2,3,Ridge,0.07278953843983153,19,12.21354929249345,1.1316372316308656,0.7343632196861878
var2,3,Ridge,0.12689610031679235,19,12.213342626168549,1.1318362916329563,0.7343677145447938
var2,3,Ridge,0.22122162910704501,19,12.21300187852205,1.1321823872293342,0.7343751255852331
var2,3,Ridge,0.38566204211634725,19,12.21246636278399,1.1327829231656477,0.7343867727054156
var2,3,Ridge,0.6723357536499335,19,12.211706152313038,1.1338213218730684,0.7344033067903919
var2,3,Ridge,1.1721022975334818,19,12.210884930200754,1.1356059070699533,0.7344211678390196
var2,3,Ridge,2.043359717856944,19,12.210872265021337,1.1386403437740715,0.7344214432984624
var2,3,Ridge,3.562247890262444,19,12.214630059444778,1.1437050825870132,0.7343397137055473
var2,3,Ridge,6.2101694189156165,19,12.230351537293298,1.151893344828564,0.7339977817529721
var2,3,Ridge,10.82636733874054,19,12.276780115183039,1.1644504393685255,0.7329879902787804
var2,3,Ridge,18.873918221350994,19,12.387941510462175,1.1822129325876822,0.7305703019860506
var2,3,Ridge,32.90344562312671,19,12.610275867315604,1.2048252899894636,0.7257346738411683
var2,3,Ridge,57.361525104486816,19,12.993910815815429,1.2308915755197318,0.7173908623826939
var2,3,Ridge,100.0,19,13.602673846207315,1.260070012288806,0.7041506610706341
var2,4,OLS,0.0,34,3.6311092072219493,0.37407233873939444,0.9210257284205581
var2,4,Ridge,1e-05,34,3.6311091650134073,0.37407243069817087,0.9210257293385665
var2,4,Ridge,1.7433288221999873e-05,34,3.6311091336391237,0.3740724990537593,0.9210257300209369
var2,4,Ridge,3.039195382313195e-05,34,3.6311090789445393,0.37407261821998267,0.9210257312105087
var2,4,Ridge,5.2983169062837125e-05,34,3.6311089835972665,0.3740728259657611,0.92102573328425
var2,4,Ridge,9.236708571873866e-05,34,3.6311088173858637,0.37407318813455703,0.9210257368992403
var2,4,Ridge,0.00016102620275609394,34,3.631108527655872,0.37407381951262186,0.9210257432006799
var2,4,Ridge,0.0002807216203941176,34,3.631108022655863,0.374074920208444,0.9210257541841027
var2,4,Ridge,0.0004893900918477494,34,3.631107142562398,0.37407683907177897,0.921025773325565
var2,4,Ridge,0.0008531678524172815,34,3.631105609144143,0.37408018424684086,0.9210258066764181
var2,4,Ridge,0.0014873521072935117,34,3.6311029385480547,0.37408601588148743,0.921025864760152
var2,4,Ridge,0.002592943797404667,34,3.631098290892173,0.3740961820177166,0.9210259658436548
var2,4,Ridge,0.004520353656360245,34,3.6310902130228966,0.37411390396168104,0.9210261415320755
var2,4,Ridge,0.007880462815669913,34,3.631076205134537,0.37414479617523877,0.9210264461945674
var2,4,Ridge,0.013738237958832637,34,3.6310520109861812,0.37419864245397694,0.9210269724016116
var2,4,Ridge,0.02395026619987486,34,3.6310105190883357,0.37429248682154326,0.9210278748234948
var2,4,Ridge,0.04175318936560404,34,3.630940265907281,0.3744560049927494,0.9210294027846447
var2,4,Ridge,0.07278953843983153,34,3.630824086892467,0.3747408166771739,0.9210319296029099
var2,4,Ridge,0.12689610031679235,34,3.630640530654298,0.3752365605882522,0.9210359218321094
var2,4,Ridge,0.22122162910704501,34,3.630377432734408,0.37609842605806865,0.9210416440413274
var2,4,Ridge,0.38566204211634725,34,3.630087614330413,0.37759361514946643,0.9210479474037546
var2,4,Ridge,0.6723357536499335,34,3.63007472461736,0.3801775120680205,0.9210482277466584
var2,4,Ridge,1.1721022975334818,34,3.6314456775005666,0.3846112035703696,0.9210184104100976
var2,4,Ridge,2.043359717856944,34,3.63758477229558,0.3921188769050618,0.9208848890776549
var2,4,Ridge,3.562247890262444,34,3.65756013035314,0.40452428680191455,0.9204504379878895
var2,4,Ridge,6.2101694189156165,34,3.7123656875997484,0.42415059141421374,0.9192584526426271
var2,4,Ridge,10.82636733874054,34,3.8422160172322792,0.4530753143469947,0.9164342921418402
var2,4,Ridge,18.873918221350994,34,4.10721638954913,0.491554133721234,0.9106707058166534
var2,4,Ridge,32.90344562312671,34,4.574229800435019,0.536580194511632,0.9005134668470327
var2,4,Ridge,57.361525104486816,34,5.30276288100386,0.5825719585172028,0.884668344578328
var2,4,Ridge,100.0,34,6.353079098937994,0.6248094295992412,0.8618246476511062
var2,5,OLS,0.0,55,1.7642334462672244,0.17990727457212963,0.9616290661162353
var2,5,Ridge,1e-05,55,1.7642331095539707,0.17990716204166307,0.9616290734395304
var2,5,Ridge,1.7433288221999873e-05,55,1.7642328592715544,0.17990707839732037,0.9616290788830106
var2,5,Ridge,3.039195382313195e-05,55,1.7642324229597564,0.1799069325834283,0.9616290883725095
var2,5,Ridge,5.2983169062837125e-05,55,1.764231662363579,0.17990667839919577,0.9616291049149833
var2,5,Ridge,9.236708571873866e-05,55,1.7642303365121155,0.17990623532515654,0.9616291337513933
var2,5,Ridge,0.00016102620275609394,55,1.7642280254749476,0.17990546306143906,0.9616291840149537
var2,5,Ridge,0.0002807216203941176,55,1.7642239976647645,0.17990411723810007,0.9616292716172143
var2,5,Ridge,0.0004893900918477494,55,1.764216979171238,0.1799017725028305,0.9616294242648992
var2,5,Ridge,0.0008531678524172815,55,1.7642047536648704,0.17989768934563485,0.961629690161738
var2,5,Ridge,0.0014873521072935117,55,1.7641834710559638,0.17989058468444738,0.9616301530446865
var2,5,Ridge,0.002592943797404667,55,1.7641464609032116,0.17987824025929225,0.9616309579915189
var2,5,Ridge,0.004520353656360245,55,1.7640822200735606,0.17985684511409594,0.961632355187923
var2,5,Ridge,0.007880462815669913,55,1.7639710736090528,0.1798199249903686,0.9616347725514811
var2,5,Ridge,0.013738237958832637,55,1.7637798567978913,0.17975670136328212,0.9616389313931776
var2,5,Ridge,0.02395026619987486,55,1.7634541198994136,0.179649892602689,0.9616460159595774
var2,5,Ridge,0.04175318936560404,55,1.7629087504967724,0.17947377383981974,0.9616578773905776
var2,5,Ridge,0.07278953843983153,55,1.762023095374731,0.17919596393382647,0.9616771398154021
var2,5,Ridge,0.12689610031679235,55,1.760661193632283,0.1787935154029963,0.9617067602955184
var2,5,Ridge,0.22122162910704501,55,1.7587689646725735,0.17830869803124968,0.9617479150488532
var2,5,Ridge,0.38566204211634725,55,1.7566432476890437,0.1779877359497089,0.9617941480153595
var2,5,Ridge,0.6723357536499335,55,1.7554769167752649,0.178530045199088,0.9618195149567208
var2,5,Ridge,1.1721022975334818,55,1.7582296743428092,0.1813590728422921,0.9617596442639585
var2,5,Ridge,2.043359717856944,55,1.7709931007724955,0.18867042894860506,0.96148204801234
var2,5,Ridge,3.562247890262444,55,1.8054685742703545,0.20312969632919076,0.9607322288106938
var2,5,Ridge,6.2101694189156165,55,1.8825780046994312,0.22744678889631262,0.959055148681038
var2,5,Ridge,10.82636733874054,55,2.034362251241106,0.2640753933489892,0.9557539397049979
var2,5,Ridge,18.873918221350994,55,2.299755421307037,0.3149506443849415,0.9499818102833792
var2,5,Ridge,32.90344562312671,55,2.7169420693448343,0.38071267413948273,0.9409082711080977
var2,5,Ridge,57.361525104486816,55,3.3261070723791777,0.4593160999981572,0.9276593271516222
var2,5,Ridge,100.0,55,4.180465088342361,0.545989005978047,0.909077594097559
var2,6,OLS,0.0,83,0.6433460462253497,0.047851307100960076,0.9860076405102031
var2,6,Ridge,1e-05,83,0.6433459814527829,0.04785122768142409,0.9860076419189644
var2,6,Ridge,1.7433288221999873e-05,83,0.6433459333259044,0.04785116864853322,0.9860076429656929
var2,6,Ridge,3.039195382313195e-05,83,0.6433458494666076,0.047851065738751176,0.9860076447895783
var2,6,Ridge,5.2983169062837125e-05,83,0.6433457033989332,0.04785088634519104,0.9860076479664555
var2,6,Ridge,9.236708571873866e-05,83,0.6433454491398054,0.04785057363978867,0.9860076534964266
var2,6,Ridge,0.00016102620275609394,83,0.6433450070518363,0.04785002860257657,0.9860076631115534
var2,6,Ridge,0.0002807216203941176,83,0.6433442398989283,0.04784907876130111,0.986007679796632
var2,6,Ridge,0.0004893900918477494,83,0.6433429132835158,0.047847423902619805,0.9860077086496573
var2,6,Ridge,0.0008531678524172815,83,0.6433406332783566,0.04784454206276853,0.9860077582382916
var2,6,Ridge,0.0014873521072935117,83,0.6433367576418847,0.04783952756890759,0.9860078425308726
var2,6,Ridge,0.002592943797404667,83,0.643330301002724,0.04783081457984621,0.9860079829585892
var2,6,Ridge,0.004520353656360245,83,0.6433199484321054,0.04781571312704282,0.9860082081202897
var2,6,Ridge,0.007880462815669913,83,0.6433046052647842,0.04778965551688344,0.9860085418242335
var2,6,Ridge,0.013738237958832637,83,0.6432858662732732,0.04774505294490021,0.9860089493851523
var2,6,Ridge,0.02395026619987486,83,0.6432764774411784,0.047669830849598416,0.9860091535861645
var2,6,Ridge,0.04175318936560404,83,0.6433257066492437,0.04754651930740607,0.9860080828827993
var2,6,Ridge,0.07278953843983153,83,0.6435873108454934,0.04735570851615754,0.9860023931611022
var2,6,Ridge,0.12689610031679235,83,0.6444790974610834,0.04709668094370239,0.9859829973802674
var2,6,Ridge,0.22122162910704501,83,0.6469972430279463,0.046859603014663825,0.985928229346445
var2,6,Ridge,0.38566204211634725,83,0.6532042758395594,0.04701051693478221,0.9857932304061785
var2,6,Ridge,0.6723357536499335,83,0.6667655543483658,0.048497662458593015,0.9854982813890052
var2,6,Ridge,1.1721022975334818,83,0.6932409346029433,0.052988590734114514,0.9849224590297561
var2,6,Ridge,2.043359717856944,83,0.7399215382330252,0.06231540779614492,0.9839071861590746
var2,6,Ridge,3.562247890262444,83,0.8153969067032969,0.07753901577209915,0.9822656458178272
var2,6,Ridge,6.2101694189156165,83,0.9291338037818649,0.09861715610356142,0.9797919420303947
var2,6,Ridge,10.82636733874054,83,1.091455544839322,0.1247209192995909,0.9762615493790189
var2,6,Ridge,18.873918221350994,83,1.314359698409545,0.15513831696125716,0.9714135285248875
var2,6,Ridge,32.90344562312671,83,1.6130747200709283,0.19033315509955157,0.9649166704302246
var2,6,Ridge,57.361525104486816,83,2.0102446662810065,0.23136300495329504,0.9562784815449102
var2,6,Ridge,100.0,83,2.54334125528679,0.27739592439482996,0.9446839762861641
var2,7,OLS,0.0,119,0.3658228084284186,0.046544628700587315,0.9920435910422856
var2,7,Ridge,1e-05,119,0.3658210062392101,0.04654358292217866,0.9920436302387327
var2,7,Ridge,1.7433288221999873e-05,119,0.3658196672199458,0.04654280576636568,0.9920436593615337
var2,7,Ridge,3.039195382313195e-05,119,0.36581733409150774,0.04654145133876198,0.9920437101055649
var2,7,Ridge,5.2983169062837125e-05,119,0.36581327039278316,0.04653909137284189,0.9920437984883781
var2,7,Ridge,9.236708571873866e-05,119,0.3658061972884913,0.046534980960590645,0.9920439523238117
var2,7,Ridge,0.00016102620275609394,119,0.3657939006507925,0.046527826636556115,0.992044219767711
var2,7,Ridge,0.0002807216203941176,119,0.3657725666584276,0.0465153890421427,0.9920446837682163
var2,7,Ridge,0.0004893900918477494,119,0.3657356848064843,0.04649381112200714,0.9920454859245893
var2,7,Ridge,0.0008531678524172815,119,0.3656723151316089,0.046456508863258306,0.9920468641739417
var2,7,Ridge,0.0014873521072935117,119,0.36556458017947263,0.046392417742313445,0.9920492073393171
var2,7,Ridge,0.002592943797404667,119,0.36538469025790465,0.04628344436229222,0.992053119828507
var2,7,Ridge,0.004520353656360245,119,0.36509327474673137,0.0461013850288511,0.99205945792698
var2,7,Ridge,0.007880462815669913,119,0.36464418949586075,0.045805886278702135,0.9920692252400903
var2,7,Ridge,0.013738237958832637,119,0.3640062539764551,0.04534792698397847,0.9920830999241289
var2,7,Ridge,0.02395026619987486,119,0.3632162902828645,0.04468743523892203,0.9921002811224116
var2,7,Ridge,0.04175318936560404,119,0.36247818458795594,0.043834831790916705,0.9921163344428372
var2,7,Ridge,0.07278953843983153,119,0.3623258412307517,0.042913245380036116,0.9921196478121078
var2,7,Ridge,0.12689610031679235,119,0.3638410120446676,0.04219426687601586,0.9920866938290358
var2,7,Ridge,0.22122162910704501,119,0.368792201014536,0.04200665005259923,0.9919790086782918
var2,7,Ridge,0.38566204211634725,119,0.37953492343453676,0.042491030920478075,0.9917453614290677
var2,7,Ridge,0.6723357536499335,119,0.3988238245262565,0.04345297016621384,0.9913258403333494
var2,7,Ridge,1.1721022975334818,119,0.429854151677503,0.044722576171283626,0.990650950831605
var2,7,Ridge,2.043359717856944,119,0.47637403342101187,0.046982348122785095,0.9896391735577769
var2,7,Ridge,3.562247890262444,119,0.5421865131887831,0.05215425351684354,0.988207794782344
var2,7,Ridge,6.2101694189156165,119,0.6300498758460849,0.06234324918759216,0.9862968235974015
var2,7,Ridge,10.82636733874054,119,0.7421493124207337,0.07833952706912173,0.9838587335145306
var2,7,Ridge,18.873918221350994,119,0.8850714995884443,0.09998091403358472,0.9807502685855052
var2,7,Ridge,32.90344562312671,119,1.0770832366771979,0.12765529070715229,0.976574137765444
var2,7,Ridge,57.361525104486816,119,1.3503009346309383,0.16299421324366073,0.9706318299341087
var2,7,Ridge,100.0,119,1.7484238908240812,0.20831397245181352,0.9619729136994019
var2,8,OLS,0.0,164,0.32130219849886554,0.050306118914256646,0.9930118854500841
var2,8,Ridge,1e-05,164,0.32128108228359264,0.05029081791071011,0.9930123447140788
var2,8,Ridge,1.7433288221999873e-05,164,0.3212653941652638,0.050279448875792894,0.9930126859204835
var2,8,Ridge,3.039195382313195e-05,164,0.3212380612670939,0.050259638372841836,0.9930132803933015
var2,8,Ridge,5.2983169062837125e-05,164,0.3211904615745249,0.050225130901206665,0.9930143156557609
var2,8,Ridge,9.236708571873866e-05,164,0.3211076328897586,0.05016506034313282,0.9930161171259652
var2,8,Ridge,0.00016102620275609394,164,0.3209636990627893,0.05006060262936713,0.9930192475934041
var2,8,Ridge,0.0002807216203941176,164,0.3207141747428393,0.049879302110155045,0.9930246745856219
var2,8,Ridge,0.0004893900918477494,164,0.3202833739680793,0.049565667961289056,0.9930340442232287
var2,8,Ridge,0.0008531678524172815,164,0.31954485178554753,0.04902623570376499,0.9930501066019902
var2,8,Ridge,0.0014873521072935117,164,0.31829402937008855,0.048107792398857645,0.9930773111787459
var2,8,Ridge,0.002592943797404667,164,0.31621831203151746,0.04657147599627874,0.993122456685384
var2,8,Ridge,0.004520353656360245,164,0.3128878818742865,0.044079118054527563,0.9931948913825257
var2,8,Ridge,0.007880462815669913,164,0.30782554543958274,0.04023915143100768,0.9933049939185843
var2,8,Ridge,0.013738237958832637,164,0.300744270037037,0.03479319040715867,0.9934590070685213
var2,8,Ridge,0.02395026619987486,164,0.2919683184265942,0.02796916891754328,0.9936498783274944
var2,8,Ridge,0.04175318936560404,164,0.28277787810654315,0.020760616873672408,0.9938497644472307
var2,8,Ridge,0.07278953843983153,164,0.2751908575070621,0.014638465946867678,0.994014777227378
var2,8,Ridge,0.12689610031679235,164,0.2710924851399337,0.01062982387186436,0.9941039141698064
var2,8,Ridge,0.22122162910704501,164,0.2714486804390987,0.008695970521450248,0.9940961671529346
var2,8,Ridge,0.38566204211634725,164,0.27640827432323656,0.008203131271611134,0.9939882992007534
var2,8,Ridge,0.6723357536499335,164,0.28608725637688626,0.008597517894765396,0.993777787614983
var2,8,Ridge,1.1721022975334818,164,0.3011750979361635,0.009559350212836219,0.9934496368409771
var2,8,Ridge,2.043359717856944,164,0.3230971960422852,0.011111465361075913,0.9929728454170286
var2,8,Ridge,3.562247890262444,164,0.35416578175433855,0.013776780368719925,0.9922971238163857
var2,8,Ridge,6.2101694189156165,164,0.3981816614538468,0.018611110851205818,0.9913398069639255
var2,8,Ridge,10.82636733874054,164,0.46187741351475065,0.027099721169204265,0.9899544656440583
var2,8,Ridge,18.873918221350994,164,0.5572548875719143,0.04091571876344918,0.9878800674068006
var2,8,Ridge,32.90344562312671,164,0.702957605105768,0.06132296478151367,0.9847111277446458
var2,8,Ridge,57.361525104486816,164,0.9218927083925879,0.08867640221479366,0.9799494311614481
var2,8,Ridge,100.0,164,1.2379632733622052,0.1225078254928643,0.9730751012496591
var2,8,Lasso,0.0001,164,1.8941345958807105,0.3122013106990894,0.9588038003138042
var2,8,Lasso,0.00021544346900318845,164,1.1603101947660304,0.1522090433291249,0.9747640053745575
var2,8,Lasso,0.00046415888336127773,164,0.7319779182343222,0.0735173380075587,0.9840799547450079
var2,8,Lasso,0.001,164,0.5261476471726999,0.04469037665448539,0.9885566297218333
var2,8,Lasso,0.002154434690031882,164,0.41626842554278304,0.028578057422296656,0.990946431568795
var2,8,Lasso,0.004641588833612777,164,0.3528276265199611,0.019340718129581654,0.992326227825344
var2,8,Lasso,0.01,164,0.31138958785799764,0.011362055559488474,0.9932274783061888
var2,8,Lasso,0.021544346900318822,164,0.2839519262326956,0.00916802060887761,0.9938242296615025
var2,8,Lasso,0.046415888336127774,164,0.2755395459039435,0.011382384402338503,0.9940071934807649
var2,8,Lasso,0.1,164,0.27991587215402275,0.017561123572605288,0.9939120112215515
var2,9,OLS,0.0,219,0.3086268329341907,0.016548437908162943,0.9932875664349695
var2,9,Ridge,1e-05,219,0.3086117499870454,0.016588317248826156,0.9932878944792932
var2,9,Ridge,1.7433288221999873e-05,219,0.30860099977484695,0.016617908430589984,0.9932881282894402
var2,9,Ridge,3.039195382313195e-05,219,0.3085831649627446,0.0166693859819568,0.993288516185043
var2,9,Ridge,5.2983169062837125e-05,219,0.3085546870908993,0.016758783046884843,0.9932891355602963
var2,9,Ridge,9.236708571873866e-05,219,0.308512299864515,0.01691352393785869,0.9932900574549949
var2,9,Ridge,0.00016102620275609394,219,0.3084573055658487,0.017179659935414423,0.9932912535453436
var2,9,Ridge,0.0002807216203941176,219,0.3084055768219363,0.017631556538585166,0.9932923786119933
var2,9,Ridge,0.0004893900918477494,219,0.30840102196026536,0.018379450861932742,0.9932924776772822
var2,9,Ridge,0.0008531678524172815,219,0.3085096159423675,0.019556805143039823,0.9932901158285619
var2,9,Ridge,0.0014873521072935117,219,0.30873842744749036,0.021244332293957634,0.9932851393266406
var2,9,Ridge,0.002592943797404667,219,0.3088365508509423,0.02328331933342525,0.9932830052062189
var2,9,Ridge,0.004520353656360245,219,0.30808614851054006,0.025059121858351272,0.9932993259707134
var2,9,Ridge,0.007880462815669913,219,0.3054392972216388,0.02561717115391052,0.9933568932705633
var2,9,Ridge,0.013738237958832637,219,0.3002148258330408,0.024348863961571078,0.9934705221367736
var2,9,Ridge,0.02395026619987486,219,0.29275239979859646,0.021592588606550663,0.9936328250658932
var2,9,Ridge,0.04175318936560404,219,0.28429914437816717,0.01838121808418988,0.9938166778919045
var2,9,Ridge,0.07278953843983153,219,0.2764455278018298,0.015727073314329376,0.9939874889617416
var2,9,Ridge,0.12689610031679235,219,0.27061724603133336,0.01413619137854422,0.9941142503123694
var2,9,Ridge,0.22122162910704501,219,0.26767577061906367,0.01360578026646995,0.9941782254959278
var2,9,Ridge,0.38566204211634725,219,0.267850380607906,0.013989033645843472,0.9941744278418524
var2,9,Ridge,0.6723357536499335,219,0.2711747569237637,0.015229876643261227,0.9941021248118365
var2,9,Ridge,1.1721022975334818,219,0.2780883661421133,0.017332831565065134,0.9939517582927249
var2,9,Ridge,2.043359717856944,219,0.289726010615991,0.020253492626451566,0.9936986470689156
var2,9,Ridge,3.562247890262444,219,0.3079007120302993,0.023816893114302604,0.9933033590939591
var2,9,Ridge,6.2101694189156165,219,0.3353820721286075,0.027814491074457225,0.9927056573251828
var2,9,Ridge,10.82636733874054,219,0.37689203776089386,0.03238926407582946,0.9918028424793562
var2,9,Ridge,18.873918221350994,219,0.440325885942332,0.03859213572154088,0.9904231973991019
var2,9,Ridge,32.90344562312671,219,0.5376797732018204,0.048648783445130406,0.9883058134558006
var2,9,Ridge,57.361525104486816,219,0.6866213681993175,0.06517576623300474,0.9850664303082454
var2,9,Ridge,100.0,219,0.9134577462246964,0.09000049246795681,0.9801328861210743
var2,10,OLS,0.0,285,0.35739904248094784,0.03354393512251258,0.9922268024913751
var2,10,Ridge,1e-05,285,0.3563596105777233,0.03304189085108721,0.9922494094615125
var2,10,Ridge,1.7433288221999873e-05,285,0.3556046376241701,0.032674967303953285,0.9922658296338803
var2,10,Ridge,3.039195382313195e-05,285,0.35432208929119674,0.03204779443789838,0.9922937242287773
var2,10,Ridge,5.2983169062837125e-05,285,0.35217965652024563,0.030991361511763654,0.9923403207528249
var2,10,Ridge,9.236708571873866e-05,285,0.3486926721674755,0.02925712459648376,0.9924161604022415
var2,10,Ridge,0.00016102620275609394,285,0.3432350271291303,0.026539186071564996,0.9925348606441909
var2,10,Ridge,0.0002807216203941176,285,0.33518512093165087,0.022633809359479267,0.9927099408860532
var2,10,Ridge,0.0004893900918477494,285,0.3243709095110365,0.01790538423176812,0.9929451429747017
var2,10,Ridge,0.0008531678524172815,285,0.31184448386893643,0.013859500874330999,0.9932175846128136
var2,10,Ridge,0.0014873521072935117,285,0.3002265884322052,0.011838726113185562,0.9934702663078663
var2,10,Ridge,0.002592943797404667,285,0.29226965560510876,0.010593878019864104,0.9936433244391878
var2,10,Ridge,0.004520353656360245,285,0.28838452336860476,0.010289754289079217,0.993727823546997
var2,10,Ridge,0.007880462815669913,285,0.28635882654749717,0.012576470446464259,0.9937718811398034
var2,10,Ridge,0.013738237958832637,285,0.2836773875728752,0.015185662021622704,0.9938302006993982
var2,10,Ridge,0.02395026619987486,285,0.27925788104215093,0.016023807699237818,0.9939263221017263
var2,10,Ridge,0.04175318936560404,285,0.2732363985842209,0.014900714117876338,0.9940572854420735
var2,10,Ridge,0.07278953843983153,285,0.2661507468870695,0.01242101392437915,0.9942113937735815
var2,10,Ridge,0.12689610031679235,285,0.2586696278128066,0.009497683060184916,0.9943741032642004
var2,10,Ridge,0.22122162910704501,285,0.25174379251338097,0.007223964918827648,0.9945247356926505
var2,10,Ridge,0.38566204211634725,285,0.24651487212538514,0.006102560453378566,0.9946384613217139
var2,10,Ridge,0.6723357536499335,285,0.2438972788295036,0.005516616260672753,0.9946953922791806
var2,10,Ridge,1.1721022975334818,285,0.244472885822288,0.004983401089278914,0.9946828732001948
var2,10,Ridge,2.043359717856944,285,0.24892922562735098,0.004810534128155308,0.9945859506980251
var2,10,Ridge,3.562247890262444,285,0.25859850302931714,0.005604199613624062,0.9943756501821384
var2,10,Ridge,6.2101694189156165,285,0.27585187915883147,0.007621288650510843,0.9940004004349249
var2,10,Ridge,10.82636733874054,285,0.3045684857013352,0.010975255230229608,0.9933758328566716
var2,10,Ridge,18.873918221350994,285,0.3510721660239922,0.015983837793422464,0.9923644079532453
var2,10,Ridge,32.90344562312671,285,0.4259564933608625,0.02332225666545406,0.9907357223735377
var2,10,Ridge,57.361525104486816,285,0.5465049758158127,0.03474651536867101,0.9881138710194248
var2,10,Ridge,100.0,285,0.7376201932529918,0.053362386151398565,0.9839572389206631
var2,10,Lasso,0.0001,285,1.6425822148017357,0.2591936727875004,0.9642749015465278
var2,10,Lasso,0.00021544346900318845,285,0.9942378062422697,0.1194418580406741,0.9783759721771634
var2,10,Lasso,0.00046415888336127773,285,0.5890304188594244,0.06590161329314671,0.9871889701981323
var2,10,Lasso,0.001,285,0.41027406647614467,0.038336361060082716,0.991076804992963
var2,10,Lasso,0.002154434690031882,285,0.32075321042144556,0.019113801248250236,0.9930238255849151
var2,10,Lasso,0.004641588833612777,285,0.2770414466993095,0.008683167224565004,0.9939745281119948
var2,10,Lasso,0.01,285,0.2523123403527437,0.003761873419996804,0.994512370145676
var2,10,Lasso,0.021544346900318822,285,0.24532009242206518,0.006068222404293867,0.9946644470058073
var2,10,Lasso,0.046415888336127774,285,0.24829714924024793,0.00559979444680499,0.994599697949734
var2,10,Lasso,0.1,285,0.25723959929692997,0.008196140331505787,0.9944052054574791
var2,11,OLS,0.0,363,0.514290531294664,0.031352817043592565,0.9888145143064221
var2,11,Ridge,1e-05,363,0.4991660514852184,0.02858320393072266,0.9891434619386203
var2,11,Ridge,1.7433288221999873e-05,363,0.49168676915204906,0.026874326666281666,0.9893061314813111
var2,11,Ridge,3.039195382313195e-05,363,0.4821938680130515,0.02435209030323085,0.9895125959278049
var2,11,Ridge,5.2983169062837125e-05,363,0.4707835798228682,0.021004313015404754,0.9897607622998158
var2,11,Ridge,9.236708571873866e-05,363,0.45728229024253536,0.017261678873952087,0.9900544065966794
var2,11,Ridge,0.00016102620275609394,363,0.44113162660634586,0.013946401176535816,0.990405673061939
var2,11,Ridge,0.0002807216203941176,363,0.42195677584460595,0.011623437476858513,0.9908227136369075
var2,11,Ridge,0.0004893900918477494,363,0.4001680773456114,0.010088000705552947,0.9912966037058704
var2,11,Ridge,0.0008531678524172815,363,0.3767919064324593,0.008717949798174258,0.9918050202708448
var2,11,Ridge,0.0014873521072935117,363,0.3531883612346074,0.00714998585585877,0.9923183820791279
var2,11,Ridge,0.002592943797404667,363,0.33109535500444964,0.005665405204785763,0.9927988906439918
var2,11,Ridge,0.004520353656360245,363,0.31232614556485155,0.004955377757640224,0.9932071087831396
var2,11,Ridge,0.007880462815669913,363,0.297945542817755,0.0052556225710454945,0.9935198775714114
var2,11,Ridge,0.013738237958832637,363,0.2877986402895373,0.006291719825283313,0.9937405661241985
var2,11,Ridge,0.02395026619987486,363,0.2807362691423594,0.0076961222363390895,0.9938941681188349
var2,11,Ridge,0.04175318936560404,363,0.2750372595278123,0.00885972840809601,0.9940181178838647
var2,11,Ridge,0.07278953843983153,363,0.26910141339769894,0.009302006229480611,0.9941472186895913
var2,11,Ridge,0.12689610031679235,363,0.26234735338906473,0.009246976733966622,0.9942941151168111
var2,11,Ridge,0.22122162910704501,363,0.2553928222740251,0.009224976515386858,0.9944453716606502
var2,11,Ridge,0.38566204211634725,363,0.24940259344999616,0.009227898090510129,0.9945756552547187
var2,11,Ridge,0.6723357536499335,363,0.24542084796121624,0.00897820550390155,0.9946622556381403
var2,11,Ridge,1.1721022975334818,363,0.24424455091614697,0.008571613735403523,0.9946878393363972
var2,11,Ridge,2.043359717856944,363,0.24669771477625382,0.008566387529801846,0.9946344846125756
var2,11,Ridge,3.562247890262444,363,0.253879267012522,0.00981758285006491,0.9944782905065045
var2,11,Ridge,6.2101694189156165,363,0.2673940238152289,0.012859373881602701,0.9941843533062835
var2,11,Ridge,10.82636733874054,363,0.28982403620554575,0.01755163975875739,0.9936965150758827
var2,11,Ridge,18.873918221350994,363,0.325619959162457,0.02352852760960411,0.9929179769544147
var2,11,Ridge,32.90344562312671,363,0.38241001574540173,0.03058447778194481,0.9916828300349354
var2,11,Ridge,57.361525104486816,363,0.4725731182858632,0.03913210620060817,0.9897218409982208
var2,11,Ridge,100.0,363,0.6154554196335259,0.05119161064266172,0.9866142435599276
var2,12,OLS,0.0,454,6.993334155405887,5.801895626970804,0.8478995151849608
var2,12,Ridge,1e-05,454,4.232725747311233,3.288089984775199,0.9079409586402393
var2,12,Ridge,1.7433288221999873e-05,454,3.387594070626527,2.5100593346216016,0.9263220247954901
var2,12,Ridge,3.039195382313195e-05,454,2.5914119126509063,1.7801273180915098,0.9436384706477973
var2,12,Ridge,5.2983169062837125e-05,454,1.9292011074577826,1.180961707676416,0.9580411264170446
var2,12,Ridge,9.236708571873866e-05,454,1.431116497158174,0.7429023826749778,0.9688741438336254
var2,12,Ridge,0.00016102620275609394,454,1.0800170765712915,0.45002868601543566,0.9765103286494565
var2,12,Ridge,0.0002807216203941176,454,0.8396944642487567,0.26670919705428997,0.981737189690841
var2,12,Ridge,0.0004893900918477494,454,0.6752708833428214,0.1574800719470641,0.9853132959965129
var2,12,Ridge,0.0008531678524172815,454,0.5596826099259513,0.09379449530508115,0.987827266019245
var2,12,Ridge,0.0014873521072935117,454,0.4743621008149216,0.05524163558105893,0.9896829317878286
var2,12,Ridge,0.002592943797404667,454,0.4089855459965609,0.029997083251747214,0.9911048294781776
var2,12,Ridge,0.004520353656360245,454,0.35977561875188613,0.01384493055587888,0.992175113497974
var2,12,Ridge,0.007880462815669913,454,0.32583043614510876,0.007082772719419018,0.9929133992164728
var2,12,Ridge,0.013738237958832637,454,0.30520571929127227,0.006711651818845223,0.9933619734391441
var2,12,Ridge,0.02395026619987486,454,0.29334359073425376,0.007842752164083203,0.9936199670462516
var2,12,Ridge,0.04175318936560404,454,0.2848402363689354,0.0093113979344115,0.9938049094918401
var2,12,Ridge,0.07278953843983153,454,0.27623387872368915,0.009442964260284988,0.9939920921920006
var2,12,Ridge,0.12689610031679235,454,0.26675522808924396,0.008230286163451665,0.9941982466992576
var2,12,Ridge,0.22122162910704501,454,0.25717679129174253,0.007099977901480462,0.99440657149088
var2,12,Ridge,0.38566204211634725,454,0.2486259517457506,0.007110966082858361,0.9945925467083684
var2,12,Ridge,0.6723357536499335,454,0.24202322866623768,0.007610750963336665,0.9947361516554761
var2,12,Ridge,1.1721022975334818,454,0.2378656312012875,0.007714370610690546,0.9948265767053925
var2,12,Ridge,2.043359717856944,454,0.23647103307660475,0.00735115425045621,0.9948569083106287
var2,12,Ridge,3.562247890262444,454,0.2386912818852979,0.006788554521299172,0.9948086193382004
var2,12,Ridge,6.2101694189156165,454,0.24647831121931904,0.006470120268387115,0.994639256497722
var2,12,Ridge,10.82636733874054,454,0.2630616927470731,0.007466406668907337,0.9942785786988078
var2,12,Ridge,18.873918221350994,454,0.29316725843381064,0.010932679723363599,0.9936238021594879
var2,12,Ridge,32.90344562312671,454,0.3437803738982034,0.016935950054688998,0.9925229997054563
var2,12,Ridge,57.361525104486816,454,0.4257720248370842,0.02515533381382929,0.9907397344443578
var2,12,Ridge,100.0,454,0.5565122325475762,0.03604469473122182,0.9878962196721924
var2,12,Lasso,0.0001,454,1.5635092827874157,0.23991826474514982,0.9659946865629249
var2,12,Lasso,0.00021544346900318845,454,0.9194565679106873,0.10416654519008539,0.9800024156378281
var2,12,Lasso,0.00046415888336127773,454,0.574855840413601,0.08128523622301924,0.9874972580913959
var2,12,Lasso,0.001,454,0.39574927347241307,0.0476432298867307,0.9913927098258527
var2,12,Lasso,0.002154434690031882,454,0.29505944061895234,0.014430611326184069,0.9935826484234698
var2,12,Lasso,0.004641588833612777,454,0.25194633906662783,0.006208574514221163,0.9945203304364076
var2,12,Lasso,0.01,454,0.23572799751551154,0.007438317298367513,0.9948730688524483
var2,12,Lasso,0.021544346900318822,454,0.2370687916668878,0.008215056189124251,0.994843907448756
var2,12,Lasso,0.046415888336127774,454,0.24817738799067998,0.006914292694876509,0.9946023026792831
var2,12,Lasso,0.1,454,0.26146560320558554,0.007795733052088443,0.994313292611753
var2,13,OLS,0.0,559,14.336374242613783,9.560266381276016,0.6881931530319045
var2,13,Ridge,1e-05,559,2.6470771368261348,1.1529103237647345,0.9424277881040716
var2,13,Ridge,1.7433288221999873e-05,559,2.110219120199348,0.8712577838400374,0.954104101975425
var2,13,Ridge,3.039195382313195e-05,559,1.7303378803271965,0.6713983676843006,0.9623662727043938
var2,13,Ridge,5.2983169062837125e-05,559,1.4548312891412896,0.5109200973607947,0.9683583624798727
var2,13,Ridge,9.236708571873866e-05,559,1.2440215079414025,0.37709882229059927,0.9729433385744969
var2,13,Ridge,0.00016102620275609394,559,1.0738106972667416,0.27290008858099685,0.976645313376368
var2,13,Ridge,0.0002807216203941176,559,0.9330183802228713,0.1997023131806075,0.9797074550107774
var2,13,Ridge,0.0004893900918477494,559,0.8143537320350136,0.14977106800861348,0.9822883341906786
var2,13,Ridge,0.0008531678524172815,559,0.7102465397137656,0.11239149635000727,0.9845525981415945
var2,13,Ridge,0.0014873521072935117,559,0.6159496317831468,0.08128669550116918,0.9866034947660206
var2,13,Ridge,0.002592943797404667,559,0.5316276033857172,0.05549281147525437,0.9884374442262966
var2,13,Ridge,0.004520353656360245,559,0.45951514185347475,0.03589033208418811,0.9900058435214714
var2,13,Ridge,0.007880462815669913,559,0.40085936755200907,0.022421050415785546,0.9912815685919741
var2,13,Ridge,0.013738237958832637,559,0.355595486870003,0.013904375410561462,0.992266028656852
var2,13,Ridge,0.02395026619987486,559,0.3226239314389871,0.00865196375254971,0.9929831386153811
var2,13,Ridge,0.04175318936560404,559,0.29956741383805463,0.005626595056623744,0.9934846029280133
var2,13,Ridge,0.07278953843983153,559,0.28325866410025335,0.005050950738689012,0.993839307663512
var2,13,Ridge,0.12689610031679235,559,0.27094486268011597,0.006177366979775729,0.9941071248626189
var2,13,Ridge,0.22122162910704501,559,0.26101064556299713,0.007659677654397278,0.9943231876455767
var2,13,Ridge,0.38566204211634725,559,0.25292090232159814,0.008790161314880222,0.994499134317322
var2,13,Ridge,0.6723357536499335,559,0.24667696838957923,0.009213829106707394,0.9946349358330381
var2,13,Ridge,1.1721022975334818,559,0.24230000928668566,0.009053633652535888,0.9947301318563899
var2,13,Ridge,2.043359717856944,559,0.2399939231063954,0.008713602127184661,0.9947802877360109
var2,13,Ridge,3.562247890262444,559,0.24087162518350658,0.008420726356581632,0.9947611982847584
var2,13,Ridge,6.2101694189156165,559,0.2472112934984796,0.008371987008153092,0.9946233146082679
var2,13,Ridge,10.82636733874054,559,0.2620732389360804,0.00951756714458675,0.9943000769284831
var2,13,Ridge,18.873918221350994,559,0.28928982953414567,0.013312886766116212,0.993708133724714
var2,13,Ridge,32.90344562312671,559,0.3342857658497914,0.0199990317450991,0.9927295012761236
var2,13,Ridge,57.361525104486816,559,0.4052974856799715,0.02899888957378545,0.9911850423994701
var2,13,Ridge,100.0,559,0.5151548948141262,0.04010871720792102,0.9887957149601524
var2,14,OLS,0.0,679,37.10194759989394,8.217084793880916,0.19305668910961404
var2,14,Ridge,1e-05,679,3.0300706393100683,1.155502089881413,0.9340979276806589
var2,14,Ridge,1.7433288221999873e-05,679,3.7714513707437147,2.1557998522044857,0.917973377333466
var2,14,Ridge,3.039195382313195e-05,679,4.43750157099342,3.0295591922816447,0.903487217210426
var2,14,Ridge,5.2983169062837125e-05,679,4.634280607808746,3.3867205543648833,0.8992074007114659
var2,14,Ridge,9.236708571873866e-05,679,4.307218039122349,3.1811890138914385,0.9063207995791003
var2,14,Ridge,0.00016102620275609394,679,3.638452034727455,2.6090139505838414,0.9208660266819193
var2,14,Ridge,0.0002807216203941176,679,2.8716628059489233,1.9279766358324908,0.9375431953766269
var2,14,Ridge,0.0004893900918477494,679,2.1770055980256013,1.3173364670636667,0.9526515393735636
var2,14,Ridge,0.0008531678524172815,679,1.6209821686030934,0.846645419339409,0.9647446885502421
var2,14,Ridge,0.0014873521072935117,679,1.2052737310611916,0.5165357496272904,0.973786077605411
var2,14,Ridge,0.002592943797404667,679,0.9059669066399605,0.3005994943383752,0.9802958070264952
var2,14,Ridge,0.004520353656360245,679,0.69281293847937,0.1657940225074111,0.9849317676680176
var2,14,Ridge,0.007880462815669913,679,0.5403271420985927,0.08350458391851107,0.988248234898315
var2,14,Ridge,0.013738237958832637,679,0.43351334995368085,0.03591271818992149,0.990571365640983
var2,14,Ridge,0.02395026619987486,679,0.3641280980688889,0.013280675217066154,0.9920804498940975
var2,14,Ridge,0.04175318936560404,679,0.3231404781208542,0.005826889177918801,0.992971904059875
var2,14,Ridge,0.07278953843983153,679,0.29921806186410616,0.004327861489016373,0.9934922011069975
var2,14,Ridge,0.12689610031679235,679,0.2829868738915364,0.005007760315748244,0.9938452189243777
var2,14,Ridge,0.22122162910704501,679,0.26983471014129,0.005713764075844929,0.9941312699607396
var2,14,Ridge,0.38566204211634725,679,0.2588127745256931,0.006718416893873682,0.9943709899159826
var2,14,Ridge,0.6723357536499335,679,0.2503250597221372,0.007615485944262711,0.9945555922112403
var2,14,Ridge,1.1721022975334818,679,0.24466033709357368,0.00782179501611043,0.9946787962565499
var2,14,Ridge,2.043359717856944,679,0.24159179872793227,0.007580880823821605,0.9947455349769823
var2,14,Ridge,3.562247890262444,679,0.2410205088125236,0.007420035195890848,0.9947579601623334
var2,14,Ridge,6.2101694189156165,679,0.24417342325559793,0.007475567106488082,0.9946893863169093
var2,14,Ridge,10.82636733874054,679,0.2542691619464251,0.007657325256345376,0.9944698105444212
var2,14,Ridge,18.873918221350994,679,0.27637193029020146,0.00851464607905673,0.9939890896599137
var2,14,Ridge,32.90344562312671,679,0.31705378681045004,0.012100029066560674,0.9931042856504954
var2,14,Ridge,57.361525104486816,679,0.3847269069008483,0.01979400476512997,0.9916324391541086
var2,14,Ridge,100.0,679,0.4914412326119136,0.031278764473066,0.9893114717419027
