problem,degree,model,n_features,hyperparam,cv_mse,cv_se,warnings
var1,4,Ridge,209,0.0001,0.7988980101533277,0.07982205792984169,0
var1,4,Ridge,209,0.00031622776601683794,0.7988935448571921,0.07982042830040617,0
var1,4,Ridge,209,0.001,0.7988794275677533,0.07981527573267955,0
var1,4,Ridge,209,0.0031622776601683794,0.7988348169158261,0.07979898960608955,0
var1,4,Ridge,209,0.01,0.7986940660503576,0.07974756535930148,0
var1,4,Ridge,209,0.03162277660168379,0.7982521464827441,0.07958571066757225,0
var1,4,Ridge,209,0.1,0.7968854870204505,0.079081297860715,0
var1,4,Ridge,209,0.31622776601683794,0.7928455528874737,0.07755432515130431,0
var1,4,Ridge,209,1.0,0.7822698317051523,0.07326659013575322,0
var1,4,Ridge,209,3.1622776601683795,0.7611704389399193,0.06295111355998258,0
var1,4,Ridge,209,10.0,0.7372693714136238,0.0438362869434155,0
var1,4,Lasso,209,0.0001,0.7881704475855884,0.07711931018531944,0
var1,4,Lasso,209,0.00031622776601683794,0.7686303803068839,0.07205108860365818,0
var1,4,Lasso,209,0.001,0.724125940123438,0.05853147824143856,0
var1,4,Lasso,209,0.0031622776601683794,0.6487999026175484,0.030495062347954665,0
var1,4,Lasso,209,0.01,0.6048673856153366,0.00832982697377485,0
var1,4,Lasso,209,0.03162277660168379,0.6717369451783146,0.020249246126347438,0
var1,4,Lasso,209,0.1,1.0414310642197147,0.05394227346120575,0
var1,5,Ridge,461,0.0001,1.4035450705237693,0.19352010080188922,0
var1,5,Ridge,461,0.00031622776601683794,1.402346252490552,0.19310211281992487,0
var1,5,Ridge,461,0.001,1.3985869591712885,0.19179563824880377,0
var1,5,Ridge,461,0.0031622776601683794,1.3870060261934711,0.1878115780432527,0
var1,5,Ridge,461,0.01,1.3531680172402085,0.1765229345001906,0
var1,5,Ridge,461,0.03162277660168379,1.2672738892914974,0.15021622505574278,0
var1,5,Ridge,461,0.1,1.103736239016164,0.10909103345073294,0
var1,5,Ridge,461,0.31622776601683794,0.8894713329644478,0.07050034827158962,0
var1,5,Ridge,461,1.0,0.68311514464407,0.04361748630247783,0
var1,5,Ridge,461,3.1622776601683795,0.53923603445417,0.024678424548705096,0
var1,5,Ridge,461,10.0,0.47774217724804363,0.015565101692179,0
var1,5,Lasso,461,0.0001,0.8972287300882804,0.06819119373419393,4
var1,5,Lasso,461,0.00031622776601683794,0.6320996710644134,0.03861809342763971,0
var1,5,Lasso,461,0.001,0.4400165014454208,0.017535086618136724,0
var1,5,Lasso,461,0.0031622776601683794,0.35213027891108306,0.013487202544105677,0
var1,5,Lasso,461,0.01,0.33042906013888707,0.013096146380195189,0
var1,5,Lasso,461,0.03162277660168379,0.40195599806634624,0.017471553325979224,0
var1,5,Lasso,461,0.1,0.8078910346670811,0.042547432577324185,0
var1,6,Ridge,923,0.0001,83.86142865216759,14.893636668626524,0
var1,6,Ridge,923,0.00031622776601683794,73.56924983259557,12.365814637018307,0
var1,6,Ridge,923,0.001,56.90926939655104,8.561211544489367,0
var1,6,Ridge,923,0.0031622776601683794,36.74567451512941,4.741272035613535,0
var1,6,Ridge,923,0.01,19.250299507374173,2.1756567580483086,0
var1,6,Ridge,923,0.03162277660168379,9.277259833540334,1.110060291341754,0
var1,6,Ridge,923,0.1,4.814488261535788,0.6196073115388513,0
var1,6,Ridge,923,0.31622776601683794,2.745231903653535,0.3685629578768789,0
var1,6,Ridge,923,1.0,1.6267476100931382,0.21950045065465362,0
var1,6,Ridge,923,3.1622776601683795,0.9875070657952886,0.1086126427411407,0
var1,6,Ridge,923,10.0,0.6823876269256041,0.050418271509526054,0
var1,7,Ridge,1715,0.0001,7.669478630831492,0.8089079547102216,0
var1,7,Ridge,1715,0.00031622776601683794,7.644221903563006,0.8027058559047796,0
var1,7,Ridge,1715,0.001,7.567107232447308,0.7840380533486173,0
var1,7,Ridge,1715,0.0031622776601683794,7.346895455683937,0.7329238474701646,0
var1,7,Ridge,1715,0.01,6.8087633657793045,0.621253016634961,0
var1,7,Ridge,1715,0.03162277660168379,5.782798158589509,0.456831345299731,0
var1,7,Ridge,1715,0.1,4.303102073471672,0.30790570615134166,0
var1,7,Ridge,1715,0.31622776601683794,2.7868488901738746,0.19670304852955114,0
var1,7,Ridge,1715,1.0,1.6898937270956143,0.10024666536861197,0
var1,7,Ridge,1715,3.1622776601683795,1.0511507480175162,0.054454972550078355,0
var1,7,Ridge,1715,10.0,0.7289805981155115,0.02325439283458721,0
var2,8,Ridge,164,1e-05,0.32128108228337005,0.0502908179104985,0
var2,8,Ridge,164,3.1622776601683795e-05,0.32123546626938826,0.05025775738310174,0
var2,8,Ridge,164,0.0001,0.3210916025168659,0.05015343102320822,0
var2,8,Ridge,164,0.00031622776601683794,0.3206404962344049,0.04982571755863609,0
var2,8,Ridge,164,0.001,0.31925116687170585,0.048811122190459126,0
var2,8,Ridge,164,0.0031622776601683794,0.3151981343390483,0.04581135727071183,0
var2,8,Ridge,164,0.01,0.3050383209921489,0.03810419873302829,0
var2,8,Ridge,164,0.03162277660168379,0.2873080609353242,0.024323244845288798,0
var2,8,Ridge,164,0.1,0.2723348704734883,0.01206782627302873,0
var2,8,Ridge,164,0.31622776601683794,0.2741097826821871,0.008253318268929026,0
var2,8,Ridge,164,1.0,0.2962435018911949,0.0092336016413278,0
var2,8,Lasso,164,0.0001,0.28897996464343484,0.024197115603462015,5
var2,8,Lasso,164,0.00031622776601683794,0.27925127394844085,0.00970659366807282,5
var2,8,Lasso,164,0.001,0.31124450409158144,0.01132602940629627,0
var2,8,Lasso,164,0.0031622776601683794,0.3784989040008303,0.02207396685554083,0
var2,8,Lasso,164,0.01,0.5257769710667362,0.044536428275721116,0
var2,8,Lasso,164,0.03162277660168379,0.9120655643741429,0.10511796699370218,0
var2,8,Lasso,164,0.1,1.8941345958804934,0.3122013106990844,0
var2,10,Ridge,285,1e-05,0.3563596106081684,0.03304189087352243,0
var2,10,Ridge,285,3.1622776601683795e-05,0.35420239216895755,0.031989039129700664,0
var2,10,Ridge,285,0.0001,0.3480494208084016,0.028936237407804915,0
var2,10,Ridge,285,0.00031622776601683794,0.3330889594469174,0.021657885477291364,0
var2,10,Ridge,285,0.001,0.30829202905625086,0.013085335972152242,0
var2,10,Ridge,285,0.0031622776601683794,0.29049118775704724,0.0102400954233425,0
var2,10,Ridge,285,0.01,0.28539087205682645,0.01383179541442728,0
var2,10,Ridge,285,0.03162277660168379,0.27641647323345164,0.0156784489234593,0
var2,10,Ridge,285,0.1,0.26187112645756805,0.010734606857984325,0
var2,10,Ridge,285,0.31622776601683794,0.24812113393438118,0.006395641291538241,0
var2,10,Ridge,285,1.0,0.24395057150231048,0.005124461562727906,0
var2,10,Lasso,285,0.0001,0.2537408966024538,0.006732783194864613,5
var2,10,Lasso,285,0.00031622776601683794,0.24483943849714138,0.006379991348341374,5
var2,10,Lasso,285,0.001,0.252342485259342,0.0038396005077661072,5
var2,10,Lasso,285,0.0031622776601683794,0.2965860891422859,0.013835963972982732,0
var2,10,Lasso,285,0.01,0.41031095049329647,0.03833472455792122,1
var2,10,Lasso,285,0.03162277660168379,0.7660072236005091,0.08395877215633911,0
var2,10,Lasso,285,0.1,1.642582214802514,0.2591936727877538,0
var2,12,Ridge,454,1e-05,4.232725732587835,3.2880899683645795,0
var2,12,Ridge,454,3.1622776601683795e-05,2.538969888597644,1.7323052177022917,0
var2,12,Ridge,454,0.0001,1.3727289317716544,0.6929173035736554,0
var2,12,Ridge,454,0.00031622776601683794,0.799122757601942,0.2381569681975529,0
var2,12,Ridge,454,0.001,0.5328165922967651,0.08089291596070096,0
var2,12,Ridge,454,0.0031622776601683794,0.3896187493372609,0.02322224685676737,0
var2,12,Ridge,454,0.01,0.31557164356326195,0.006588233115980015,0
var2,12,Ridge,454,0.03162277660168379,0.28895637310636335,0.008657280905990144,0
var2,12,Ridge,454,0.1,0.27089277552612,0.008838552664473451,0
var2,12,Ridge,454,0.31622776601683794,0.25149591431775625,0.006987687678465362,0
var2,12,Ridge,454,1.0,0.23878863774573417,0.007741005960101421,0
var2,12,Lasso,454,0.0001,0.25888800194089145,0.0068170751994704746,5
var2,12,Lasso,454,0.00031622776601683794,0.24227567198851738,0.007605887943965143,5
var2,12,Lasso,454,0.001,0.23545756477064125,0.007431043531917162,5
var2,12,Lasso,454,0.0031622776601683794,0.27101968724810765,0.009257817815314233,3
var2,12,Lasso,454,0.01,0.3955933680305275,0.047561118736096246,1
var2,12,Lasso,454,0.03162277660168379,0.726704461491286,0.08724815037693565,0
var2,12,Lasso,454,0.1,1.5635092827867012,0.23991826474523115,0
var2,14,Ridge,679,1e-05,3.030070608641694,1.155502026002411,0
var2,14,Ridge,679,3.1622776601683795e-05,4.469616968772688,3.0746355599784296,0
var2,14,Ridge,679,0.0001,4.226759755382732,3.1156977136952038,0
var2,14,Ridge,679,0.00031622776601683794,2.713054329693243,1.7873286721460944,0
var2,14,Ridge,679,0.001,1.4886817881230985,0.7388749218252553,0
var2,14,Ridge,679,0.0031622776601683794,0.8214700262512679,0.244817328423083,0
var2,14,Ridge,679,0.01,0.4894989027419611,0.05952428217170309,0
var2,14,Ridge,679,0.03162277660168379,0.3407786462819903,0.008390500567989966,0
var2,14,Ridge,679,0.1,0.28940709400892767,0.004672501824306296,0
var2,14,Ridge,679,0.31622776601683794,0.2624864737509286,0.00632735454865541,0
var2,14,Ridge,679,1.0,0.24599688259711766,0.007833025330689402,0
