problem,degree,n_features,train_mse,cv_mse,cv_se
var1,1,6,8.607750778661703,8.74588629705713,0.44215105212672823
var1,2,27,2.7423861712306694,2.924681659417999,0.14088590030331138
var1,3,83,0.7907436132992459,0.9935336492163444,0.027577614725948527
var1,4,209,0.3843627462755681,0.7989000754078336,0.07982281163293359
var1,5,461,0.13144087382686293,1.4041011407086885,0.1937142072783799
var1,6,923,0.01862564842416166,75.5654789707983,8.88495136267346
var2,1,3,34.273794839172346,34.53473474271671,2.2360386316313288
var2,2,9,20.858098547494876,21.521131744186395,1.0232641859718756
var2,3,19,11.534967112200285,12.213840346204643,1.1313688205277115
var2,4,34,3.1476500443769155,3.63110920722195,0.3740723387393957
var2,5,55,1.3255333297516714,1.7642334462672278,0.17990727457212907
var2,6,83,0.4530848019681388,0.6433460462253587,0.04785130710096333
var2,7,119,0.2383466056052079,0.36582280842841797,0.0465446287005857
var2,8,164,0.17140674351332882,0.32130219849886477,0.05030611891425525
var2,9,219,0.15391457215716184,0.3086268329341865,0.01654843790816371
var2,10,285,0.13734384924999465,0.35739904248099014,0.03354393512254563
var2,11,363,0.12492232233894872,0.5142905312947098,0.031352817043573226
var2,12,454,0.11056693868518302,6.993334155391983,5.801895626956707
